51310200,44116,20200201,01,東京都多摩小平保健所,1,13,東京都,13211,小平市,4,01,0,1.8,0,0
51310200,44116,20200201,02,東京都多摩小平保健所,1,13,東京都,13211,小平市,0,14,1,4.3,0,0
51310200,44116,20200201,03,東京都多摩小平保健所,1,13,東京都,13211,小平市,0,13,1,2.3,0,0
51310200,44116,20200201,04,東京都多摩小平保健所,1,13,東京都,13211,小平市,4,15,0,1.8,0,0
51310200,44116,20200201,05,東京都多摩小平保健所,1,13,東京都,13211,小平市,0,11,1,1.1,0,0
51310200,44116,20200201,06,東京都多摩小平保健所,1,13,東京都,13211,小平市,0,11,1,.6,0,0
51310200,44116,20200201,07,東京都多摩小平保健所,1,13,東京都,13211,小平市,4,14,1,1.1,0,0
51310200,44116,20200201,08,東京都多摩小平保健所,1,13,東京都,13211,小平市,4,13,1,3.8,0,0
51310200,44116,20200201,09,東京都多摩小平保健所,1,13,東京都,13211,小平市,0,02,1,6.6,0,0
51310200,44116,20200201,10,東京都多摩小平保健所,1,13,東京都,13211,小平市,16,01,1,10.3,0,0
51310200,44116,20200201,11,東京都多摩小平保健所,1,13,東京都,13211,小平市,0,16,1,11.3,0,0
51310200,44116,20200201,12,東京都多摩小平保健所,1,13,東京都,13211,小平市,0,01,2,11.7,0,0
51310200,44116,20200201,13,東京都多摩小平保健所,1,13,東京都,13211,小平市,0,01,2,12.4,0,0
51310200,44116,20200201,14,東京都多摩小平保健所,1,13,東京都,13211,小平市,0,01,2,12.3,0,0
51310200,44116,20200201,15,東京都多摩小平保健所,1,13,東京都,13211,小平市,0,16,1,12.3,0,0
51310200,44116,20200201,16,東京都多摩小平保健所,1,13,東京都,13211,小平市,0,16,1,11.4,0,0
51310200,44116,20200201,17,東京都多摩小平保健所,1,13,東京都,13211,小平市,0,01,2,9.5,0,0
51310200,44116,20200201,18,東京都多摩小平保健所,1,13,東京都,13211,小平市,0,01,1,8.2,0,0
51310200,44116,20200201,19,東京都多摩小平保健所,1,13,東京都,13211,小平市,8,15,1,7.4,0,0
51310200,44116,20200201,20,東京都多摩小平保健所,1,13,東京都,13211,小平市,0,16,0,6.7,0,0
51310200,44116,20200201,21,東京都多摩小平保健所,1,13,東京都,13211,小平市,0,15,1,6.2,0,0
51310200,44116,20200201,22,東京都多摩小平保健所,1,13,東京都,13211,小平市,4,15,1,5.8,0,0
51310200,44116,20200201,23,東京都多摩小平保健所,1,13,東京都,13211,小平市,0,14,1,5.7,0,0
51310200,44116,20200201,24,東京都多摩小平保健所,1,13,東京都,13211,小平市,0,14,1,5.3,0,0
51310200,44116,20200202,01,東京都多摩小平保健所,1,13,東京都,13211,小平市,0,13,1,3.9,0,0
51310200,44116,20200202,02,東京都多摩小平保健所,1,13,東京都,13211,小平市,0,12,1,3.5,0,0
51310200,44116,20200202,03,東京都多摩小平保健所,1,13,東京都,13211,小平市,0,14,0,3.3,0,0
51310200,44116,20200202,04,東京都多摩小平保健所,1,13,東京都,13211,小平市,0,15,0,3.1,0,0
51310200,44116,20200202,05,東京都多摩小平保健所,1,13,東京都,13211,小平市,0,13,1,2.5,0,0
51310200,44116,20200202,06,東京都多摩小平保健所,1,13,東京都,13211,小平市,4,15,0,3.4,0,0
51310200,44116,20200202,07,東京都多摩小平保健所,1,13,東京都,13211,小平市,0,16,1,4.4,0,0
51310200,44116,20200202,08,東京都多摩小平保健所,1,13,東京都,13211,小平市,0,12,1,5.9,0,0
51310200,44116,20200202,09,東京都多摩小平保健所,1,13,東京都,13211,小平市,8,15,1,8.9,0,0
51310200,44116,20200202,10,東京都多摩小平保健所,1,13,東京都,13211,小平市,0,15,1,10,0,0
51310200,44116,20200202,11,東京都多摩小平保健所,1,13,東京都,13211,小平市,4,01,1,11.6,0,0
51310200,44116,20200202,12,東京都多摩小平保健所,1,13,東京都,13211,小平市,0,02,1,12.4,0,0
51310200,44116,20200202,13,東京都多摩小平保健所,1,13,東京都,13211,小平市,0,15,2,11.8,0,0
51310200,44116,20200202,14,東京都多摩小平保健所,1,13,東京都,13211,小平市,8,02,1,12.4,0,0
51310200,44116,20200202,15,東京都多摩小平保健所,1,13,東京都,13211,小平市,0,02,1,12.5,0,0
51310200,44116,20200202,16,東京都多摩小平保健所,1,13,東京都,13211,小平市,0,02,2,11.6,0,0
51310200,44116,20200202,17,東京都多摩小平保健所,1,13,東京都,13211,小平市,4,02,1,10.3,0,0
51310200,44116,20200202,18,東京都多摩小平保健所,1,13,東京都,13211,小平市,4,08,1,8.5,0,0
51310200,44116,20200202,19,東京都多摩小平保健所,1,13,東京都,13211,小平市,4,11,0,9,0,0
51310200,44116,20200202,20,東京都多摩小平保健所,1,13,東京都,13211,小平市,4,00,0,8,0,0
51310200,44116,20200202,21,東京都多摩小平保健所,1,13,東京都,13211,小平市,16,03,0,7.2,0,0
51310200,44116,20200202,22,東京都多摩小平保健所,1,13,東京都,13211,小平市,16,04,0,7.4,0,0
51310200,44116,20200202,23,東京都多摩小平保健所,1,13,東京都,13211,小平市,4,00,0,6.7,0,0
51310200,44116,20200202,24,東京都多摩小平保健所,1,13,東京都,13211,小平市,4,14,1,6.3,0,0
51310200,44116,20200203,01,東京都多摩小平保健所,1,13,東京都,13211,小平市,8,13,0,6.1,0,0
51310200,44116,20200203,02,東京都多摩小平保健所,1,13,東京都,13211,小平市,0,02,1,5.1,0,0
51310200,44116,20200203,03,東京都多摩小平保健所,1,13,東京都,13211,小平市,4,16,0,5.2,0,0
51310200,44116,20200203,04,東京都多摩小平保健所,1,13,東京都,13211,小平市,0,15,0,4.7,0,0
51310200,44116,20200203,05,東京都多摩小平保健所,1,13,東京都,13211,小平市,8,15,1,5,0,0
51310200,44116,20200203,06,東京都多摩小平保健所,1,13,東京都,13211,小平市,0,16,0,4.7,0,0
51310200,44116,20200203,07,東京都多摩小平保健所,1,13,東京都,13211,小平市,0,13,1,4.7,0,0
51310200,44116,20200203,08,東京都多摩小平保健所,1,13,東京都,13211,小平市,12,14,1,5.2,0,0
51310200,44116,20200203,09,東京都多摩小平保健所,1,13,東京都,13211,小平市,16,02,1,6.7,0,0
51310200,44116,20200203,10,東京都多摩小平保健所,1,13,東京都,13211,小平市,8,02,1,8.3,0,0
51310200,44116,20200203,11,東京都多摩小平保健所,1,13,東京都,13211,小平市,20,08,1,10,0,0
51310200,44116,20200203,12,東京都多摩小平保健所,1,13,東京都,13211,小平市,0,08,1,11.7,0,0
51310200,44116,20200203,13,東京都多摩小平保健所,1,13,東京都,13211,小平市,0,10,3,14.1,0,0
51310200,44116,20200203,14,東京都多摩小平保健所,1,13,東京都,13211,小平市,4,07,3,14.9,0,0
51310200,44116,20200203,15,東京都多摩小平保健所,1,13,東京都,13211,小平市,12,09,3,14.7,0,0
51310200,44116,20200203,16,東京都多摩小平保健所,1,13,東京都,13211,小平市,4,08,3,13.3,0,0
51310200,44116,20200203,17,東京都多摩小平保健所,1,13,東京都,13211,小平市,12,09,1,12,0,0
51310200,44116,20200203,18,東京都多摩小平保健所,1,13,東京都,13211,小平市,24,07,1,10.3,0,0
51310200,44116,20200203,19,東京都多摩小平保健所,1,13,東京都,13211,小平市,24,13,1,9.4,0,0
51310200,44116,20200203,20,東京都多摩小平保健所,1,13,東京都,13211,小平市,16,11,0,8.7,0,0
51310200,44116,20200203,21,東京都多摩小平保健所,1,13,東京都,13211,小平市,16,15,0,8.7,0,0
51310200,44116,20200203,22,東京都多摩小平保健所,1,13,東京都,13211,小平市,0,15,1,9.6,0,0
51310200,44116,20200203,23,東京都多摩小平保健所,1,13,東京都,13211,小平市,4,01,1,8.8,0,0
51310200,44116,20200203,24,東京都多摩小平保健所,1,13,東京都,13211,小平市,0,15,1,8.6,0,0
51310200,44116,20200204,01,東京都多摩小平保健所,1,13,東京都,13211,小平市,0,15,1,7.7,0,0
51310200,44116,20200204,02,東京都多摩小平保健所,1,13,東京都,13211,小平市,0,13,1,6.6,0,0
51310200,44116,20200204,03,東京都多摩小平保健所,1,13,東京都,13211,小平市,0,13,0,3.9,0,0
51310200,44116,20200204,04,東京都多摩小平保健所,1,13,東京都,13211,小平市,0,14,1,4.7,0,0
51310200,44116,20200204,05,東京都多摩小平保健所,1,13,東京都,13211,小平市,0,14,1,5.5,0,0
51310200,44116,20200204,06,東京都多摩小平保健所,1,13,東京都,13211,小平市,0,16,1,5.2,0,0
51310200,44116,20200204,07,東京都多摩小平保健所,1,13,東京都,13211,小平市,12,16,1,4.9,0,0
51310200,44116,20200204,08,東京都多摩小平保健所,1,13,東京都,13211,小平市,0,01,1,5.6,0,0
51310200,44116,20200204,09,東京都多摩小平保健所,1,13,東京都,13211,小平市,4,02,2,6.5,0,0
51310200,44116,20200204,10,東京都多摩小平保健所,1,13,東京都,13211,小平市,4,02,2,8.6,0,0
51310200,44116,20200204,11,東京都多摩小平保健所,1,13,東京都,13211,小平市,8,02,2,9.7,0,0
51310200,44116,20200204,12,東京都多摩小平保健所,1,13,東京都,13211,小平市,4,01,2,9.6,0,0
51310200,44116,20200204,13,東京都多摩小平保健所,1,13,東京都,13211,小平市,8,02,2,10,0,0
51310200,44116,20200204,14,東京都多摩小平保健所,1,13,東京都,13211,小平市,0,05,0,10.9,0,0
51310200,44116,20200204,15,東京都多摩小平保健所,1,13,東京都,13211,小平市,4,06,2,10.4,0,0
51310200,44116,20200204,16,東京都多摩小平保健所,1,13,東京都,13211,小平市,0,06,3,9.8,0,0
51310200,44116,20200204,17,東京都多摩小平保健所,1,13,東京都,13211,小平市,4,06,2,9.3,0,0
51310200,44116,20200204,18,東京都多摩小平保健所,1,13,東京都,13211,小平市,8,06,2,9,0,0
51310200,44116,20200204,19,東京都多摩小平保健所,1,13,東京都,13211,小平市,0,05,2,8.5,0,0
51310200,44116,20200204,20,東京都多摩小平保健所,1,13,東京都,13211,小平市,0,06,2,8,0,0
51310200,44116,20200204,21,東京都多摩小平保健所,1,13,東京都,13211,小平市,16,06,1,7.4,0,0
51310200,44116,20200204,22,東京都多摩小平保健所,1,13,東京都,13211,小平市,0,04,0,5.6,0,0
51310200,44116,20200204,23,東京都多摩小平保健所,1,13,東京都,13211,小平市,0,14,0,5.5,0,0
51310200,44116,20200204,24,東京都多摩小平保健所,1,13,東京都,13211,小平市,4,14,1,4.6,0,0
51310200,44116,20200205,01,東京都多摩小平保健所,1,13,東京都,13211,小平市,0,12,0,3.4,0,0
51310200,44116,20200205,02,東京都多摩小平保健所,1,13,東京都,13211,小平市,0,00,0,2.9,0,0
51310200,44116,20200205,03,東京都多摩小平保健所,1,13,東京都,13211,小平市,4,12,0,2.7,0,0
51310200,44116,20200205,04,東京都多摩小平保健所,1,13,東京都,13211,小平市,4,12,1,2.3,0,0
51310200,44116,20200205,05,東京都多摩小平保健所,1,13,東京都,13211,小平市,0,12,0,1.5,0,0
51310200,44116,20200205,06,東京都多摩小平保健所,1,13,東京都,13211,小平市,0,14,0,1.2,0,0
51310200,44116,20200205,07,東京都多摩小平保健所,1,13,東京都,13211,小平市,0,07,0,-.3,0,0
51310200,44116,20200205,08,東京都多摩小平保健所,1,13,東京都,13211,小平市,0,03,1,3.7,0,0
51310200,44116,20200205,09,東京都多摩小平保健所,1,13,東京都,13211,小平市,0,10,0,6.8,0,0
51310200,44116,20200205,10,東京都多摩小平保健所,1,13,東京都,13211,小平市,16,08,2,9.6,0,0
51310200,44116,20200205,11,東京都多摩小平保健所,1,13,東京都,13211,小平市,8,08,2,12.3,0,0
51310200,44116,20200205,12,東京都多摩小平保健所,1,13,東京都,13211,小平市,8,05,2,12.5,0,0
51310200,44116,20200205,13,東京都多摩小平保健所,1,13,東京都,13211,小平市,4,05,2,13.3,0,0
51310200,44116,20200205,14,東京都多摩小平保健所,1,13,東京都,13211,小平市,4,05,1,14,0,0
51310200,44116,20200205,15,東京都多摩小平保健所,1,13,東京都,13211,小平市,8,03,1,14.2,0,0
51310200,44116,20200205,16,東京都多摩小平保健所,1,13,東京都,13211,小平市,16,01,1,14.1,0,0
51310200,44116,20200205,17,東京都多摩小平保健所,1,13,東京都,13211,小平市,12,01,2,11,0,0
51310200,44116,20200205,18,東京都多摩小平保健所,1,13,東京都,13211,小平市,4,15,3,7.4,0,0
51310200,44116,20200205,19,東京都多摩小平保健所,1,13,東京都,13211,小平市,16,16,2,5.4,0,0
51310200,44116,20200205,20,東京都多摩小平保健所,1,13,東京都,13211,小平市,0,16,2,4.4,0,0
51310200,44116,20200205,21,東京都多摩小平保健所,1,13,東京都,13211,小平市,4,16,2,3.6,0,0
51310200,44116,20200205,22,東京都多摩小平保健所,1,13,東京都,13211,小平市,0,16,2,3.1,0,0
51310200,44116,20200205,23,東京都多摩小平保健所,1,13,東京都,13211,小平市,0,16,1,2.7,0,0
51310200,44116,20200205,24,東京都多摩小平保健所,1,13,東京都,13211,小平市,0,01,1,2.2,0,0
51310200,44116,20200206,01,東京都多摩小平保健所,1,13,東京都,13211,小平市,0,16,1,1.8,0,0
51310200,44116,20200206,02,東京都多摩小平保健所,1,13,東京都,13211,小平市,0,01,1,1.7,0,0
51310200,44116,20200206,03,東京都多摩小平保健所,1,13,東京都,13211,小平市,0,16,1,1.5,0,0
51310200,44116,20200206,04,東京都多摩小平保健所,1,13,東京都,13211,小平市,0,16,1,1.5,0,0
51310200,44116,20200206,05,東京都多摩小平保健所,1,13,東京都,13211,小平市,0,15,2,1.2,0,0
51310200,44116,20200206,06,東京都多摩小平保健所,1,13,東京都,13211,小平市,0,15,1,.7,0,0
51310200,44116,20200206,07,東京都多摩小平保健所,1,13,東京都,13211,小平市,0,15,2,.3,0,0
51310200,44116,20200206,08,東京都多摩小平保健所,1,13,東京都,13211,小平市,8,16,2,1.7,0,0
51310200,44116,20200206,09,東京都多摩小平保健所,1,13,東京都,13211,小平市,8,15,2,3.3,0,0
51310200,44116,20200206,10,東京都多摩小平保健所,1,13,東京都,13211,小平市,0,01,2,4.3,0,0
51310200,44116,20200206,11,東京都多摩小平保健所,1,13,東京都,13211,小平市,0,16,2,5.2,0,0
51310200,44116,20200206,12,東京都多摩小平保健所,1,13,東京都,13211,小平市,4,15,2,6.3,0,0
51310200,44116,20200206,13,東京都多摩小平保健所,1,13,東京都,13211,小平市,12,15,2,5.7,0,0
51310200,44116,20200206,14,東京都多摩小平保健所,1,13,東京都,13211,小平市,8,01,3,5.4,0,0
51310200,44116,20200206,15,東京都多摩小平保健所,1,13,東京都,13211,小平市,20,01,3,4.6,0,0
51310200,44116,20200206,16,東京都多摩小平保健所,1,13,東京都,13211,小平市,8,16,2,4,0,0
51310200,44116,20200206,17,東京都多摩小平保健所,1,13,東京都,13211,小平市,8,01,2,2.8,0,0
51310200,44116,20200206,18,東京都多摩小平保健所,1,13,東京都,13211,小平市,8,01,2,.9,0,0
51310200,44116,20200206,19,東京都多摩小平保健所,1,13,東京都,13211,小平市,4,16,2,.2,0,0
51310200,44116,20200206,20,東京都多摩小平保健所,1,13,東京都,13211,小平市,0,01,1,-.5,0,0
51310200,44116,20200206,21,東京都多摩小平保健所,1,13,東京都,13211,小平市,4,01,2,-.5,0,0
51310200,44116,20200206,22,東京都多摩小平保健所,1,13,東京都,13211,小平市,4,16,1,-.7,0,0
51310200,44116,20200206,23,東京都多摩小平保健所,1,13,東京都,13211,小平市,0,01,1,-.9,0,0
51310200,44116,20200206,24,東京都多摩小平保健所,1,13,東京都,13211,小平市,0,01,1,-1.5,0,0
51310200,44116,20200207,01,東京都多摩小平保健所,1,13,東京都,13211,小平市,0,01,1,-1.7,0,0
51310200,44116,20200207,02,東京都多摩小平保健所,1,13,東京都,13211,小平市,0,02,1,-2,0,0
51310200,44116,20200207,03,東京都多摩小平保健所,1,13,東京都,13211,小平市,0,02,0,-2.9,0,0
51310200,44116,20200207,04,東京都多摩小平保健所,1,13,東京都,13211,小平市,0,01,0,-2.6,0,0
51310200,44116,20200207,05,東京都多摩小平保健所,1,13,東京都,13211,小平市,0,02,1,-3,0,0
51310200,44116,20200207,06,東京都多摩小平保健所,1,13,東京都,13211,小平市,8,14,0,-2.9,0,0
51310200,44116,20200207,07,東京都多摩小平保健所,1,13,東京都,13211,小平市,0,13,0,-3.3,0,0
51310200,44116,20200207,08,東京都多摩小平保健所,1,13,東京都,13211,小平市,4,13,1,-2.1,0,0
51310200,44116,20200207,09,東京都多摩小平保健所,1,13,東京都,13211,小平市,4,02,1,-.1,0,0
51310200,44116,20200207,10,東京都多摩小平保健所,1,13,東京都,13211,小平市,0,16,1,1.2,0,0
51310200,44116,20200207,11,東京都多摩小平保健所,1,13,東京都,13211,小平市,0,03,1,2.3,0,0
51310200,44116,20200207,12,東京都多摩小平保健所,1,13,東京都,13211,小平市,8,15,0,3.8,0,0
51310200,44116,20200207,13,東京都多摩小平保健所,1,13,東京都,13211,小平市,4,04,1,5,0,0
51310200,44116,20200207,14,東京都多摩小平保健所,1,13,東京都,13211,小平市,0,08,2,5.7,0,0
51310200,44116,20200207,15,東京都多摩小平保健所,1,13,東京都,13211,小平市,8,06,2,6.8,0,0
51310200,44116,20200207,16,東京都多摩小平保健所,1,13,東京都,13211,小平市,4,05,2,6.2,0,0
51310200,44116,20200207,17,東京都多摩小平保健所,1,13,東京都,13211,小平市,12,06,2,4.7,0,0
51310200,44116,20200207,18,東京都多摩小平保健所,1,13,東京都,13211,小平市,12,06,1,4.2,0,0
51310200,44116,20200207,19,東京都多摩小平保健所,1,13,東京都,13211,小平市,20,01,1,4,0,0
51310200,44116,20200207,20,東京都多摩小平保健所,1,13,東京都,13211,小平市,4,15,0,3.6,0,0
51310200,44116,20200207,21,東京都多摩小平保健所,1,13,東京都,13211,小平市,4,14,1,3.2,0,0
51310200,44116,20200207,22,東京都多摩小平保健所,1,13,東京都,13211,小平市,0,13,1,2.5,0,0
51310200,44116,20200207,23,東京都多摩小平保健所,1,13,東京都,13211,小平市,20,15,0,2,0,0
51310200,44116,20200207,24,東京都多摩小平保健所,1,13,東京都,13211,小平市,0,14,1,1.9,0,0
51310200,44116,20200208,01,東京都多摩小平保健所,1,13,東京都,13211,小平市,8,00,0,1,0,0
51310200,44116,20200208,02,東京都多摩小平保健所,1,13,東京都,13211,小平市,12,00,0,.3,0,0
51310200,44116,20200208,03,東京都多摩小平保健所,1,13,東京都,13211,小平市,12,12,0,.8,0,0
51310200,44116,20200208,04,東京都多摩小平保健所,1,13,東京都,13211,小平市,0,08,0,-.7,0,0
51310200,44116,20200208,05,東京都多摩小平保健所,1,13,東京都,13211,小平市,4,08,0,-1.1,0,0
51310200,44116,20200208,06,東京都多摩小平保健所,1,13,東京都,13211,小平市,8,02,0,-1,0,0
51310200,44116,20200208,07,東京都多摩小平保健所,1,13,東京都,13211,小平市,4,15,0,-.4,0,0
51310200,44116,20200208,08,東京都多摩小平保健所,1,13,東京都,13211,小平市,8,08,0,1.7,0,0
51310200,44116,20200208,09,東京都多摩小平保健所,1,13,東京都,13211,小平市,4,15,0,3.7,0,0
51310200,44116,20200208,10,東京都多摩小平保健所,1,13,東京都,13211,小平市,12,01,1,7,0,0
51310200,44116,20200208,11,東京都多摩小平保健所,1,13,東京都,13211,小平市,4,01,2,9.4,0,0
51310200,44116,20200208,12,東京都多摩小平保健所,1,13,東京都,13211,小平市,0,02,3,9.2,0,0
51310200,44116,20200208,13,東京都多摩小平保健所,1,13,東京都,13211,小平市,8,01,2,10.5,0,0
51310200,44116,20200208,14,東京都多摩小平保健所,1,13,東京都,13211,小平市,8,02,3,11.3,0,0
51310200,44116,20200208,15,東京都多摩小平保健所,1,13,東京都,13211,小平市,0,01,2,11.8,0,0
51310200,44116,20200208,16,東京都多摩小平保健所,1,13,東京都,13211,小平市,0,01,1,10.8,0,0
51310200,44116,20200208,17,東京都多摩小平保健所,1,13,東京都,13211,小平市,4,16,2,8.8,0,0
51310200,44116,20200208,18,東京都多摩小平保健所,1,13,東京都,13211,小平市,4,15,2,7.9,0,0
51310200,44116,20200208,19,東京都多摩小平保健所,1,13,東京都,13211,小平市,0,15,1,6.8,0,0
51310200,44116,20200208,20,東京都多摩小平保健所,1,13,東京都,13211,小平市,8,15,1,6.2,0,0
51310200,44116,20200208,21,東京都多摩小平保健所,1,13,東京都,13211,小平市,0,01,1,4.8,0,0
51310200,44116,20200208,22,東京都多摩小平保健所,1,13,東京都,13211,小平市,0,01,1,4.2,0,0
51310200,44116,20200208,23,東京都多摩小平保健所,1,13,東京都,13211,小平市,0,01,2,3.4,0,0
51310200,44116,20200208,24,東京都多摩小平保健所,1,13,東京都,13211,小平市,0,01,1,2.9,0,0
51310200,44116,20200209,01,東京都多摩小平保健所,1,13,東京都,13211,小平市,4,01,1,2.4,0,0
51310200,44116,20200209,02,東京都多摩小平保健所,1,13,東京都,13211,小平市,0,01,1,1.6,0,0
51310200,44116,20200209,03,東京都多摩小平保健所,1,13,東京都,13211,小平市,0,01,1,.6,0,0
51310200,44116,20200209,04,東京都多摩小平保健所,1,13,東京都,13211,小平市,4,01,1,.8,0,0
51310200,44116,20200209,05,東京都多摩小平保健所,1,13,東京都,13211,小平市,0,01,2,.7,0,0
51310200,44116,20200209,06,東京都多摩小平保健所,1,13,東京都,13211,小平市,0,01,2,.3,0,0
51310200,44116,20200209,07,東京都多摩小平保健所,1,13,東京都,13211,小平市,0,01,2,0,0,0
51310200,44116,20200209,08,東京都多摩小平保健所,1,13,東京都,13211,小平市,4,02,2,1,0,0
51310200,44116,20200209,09,東京都多摩小平保健所,1,13,東京都,13211,小平市,0,01,2,2.5,0,0
51310200,44116,20200209,10,東京都多摩小平保健所,1,13,東京都,13211,小平市,0,01,2,4.4,0,0
51310200,44116,20200209,11,東京都多摩小平保健所,1,13,東京都,13211,小平市,4,01,2,5.6,0,0
51310200,44116,20200209,12,東京都多摩小平保健所,1,13,東京都,13211,小平市,8,01,3,5.7,0,0
51310200,44116,20200209,13,東京都多摩小平保健所,1,13,東京都,13211,小平市,4,01,2,6.4,0,0
51310200,44116,20200209,14,東京都多摩小平保健所,1,13,東京都,13211,小平市,4,01,2,6.9,0,0
51310200,44116,20200209,15,東京都多摩小平保健所,1,13,東京都,13211,小平市,8,01,3,6.7,0,0
51310200,44116,20200209,16,東京都多摩小平保健所,1,13,東京都,13211,小平市,4,01,2,6.2,0,0
51310200,44116,20200209,17,東京都多摩小平保健所,1,13,東京都,13211,小平市,0,01,3,4.3,0,0
51310200,44116,20200209,18,東京都多摩小平保健所,1,13,東京都,13211,小平市,8,01,1,3.2,0,0
51310200,44116,20200209,19,東京都多摩小平保健所,1,13,東京都,13211,小平市,0,01,0,2.2,0,0
51310200,44116,20200209,20,東京都多摩小平保健所,1,13,東京都,13211,小平市,0,16,1,1.9,0,0
51310200,44116,20200209,21,東京都多摩小平保健所,1,13,東京都,13211,小平市,0,14,1,1.8,0,0
51310200,44116,20200209,22,東京都多摩小平保健所,1,13,東京都,13211,小平市,4,14,1,1,0,0
51310200,44116,20200209,23,東京都多摩小平保健所,1,13,東京都,13211,小平市,0,14,1,.2,0,0
51310200,44116,20200209,24,東京都多摩小平保健所,1,13,東京都,13211,小平市,0,14,1,.3,0,0
51310200,44116,20200210,01,東京都多摩小平保健所,1,13,東京都,13211,小平市,4,14,1,-.1,0,0
51310200,44116,20200210,02,東京都多摩小平保健所,1,13,東京都,13211,小平市,4,09,0,-1.3,0,0
51310200,44116,20200210,03,東京都多摩小平保健所,1,13,東京都,13211,小平市,0,00,0,-2,0,0
51310200,44116,20200210,04,東京都多摩小平保健所,1,13,東京都,13211,小平市,4,10,0,-1.9,0,0
51310200,44116,20200210,05,東京都多摩小平保健所,1,13,東京都,13211,小平市,4,04,0,-1.2,0,0
51310200,44116,20200210,06,東京都多摩小平保健所,1,13,東京都,13211,小平市,0,01,0,-.7,0,0
51310200,44116,20200210,07,東京都多摩小平保健所,1,13,東京都,13211,小平市,0,12,0,-1.4,0,0
51310200,44116,20200210,08,東京都多摩小平保健所,1,13,東京都,13211,小平市,0,12,1,-.1,0,0
51310200,44116,20200210,09,東京都多摩小平保健所,1,13,東京都,13211,小平市,8,02,0,2,0,0
51310200,44116,20200210,10,東京都多摩小平保健所,1,13,東京都,13211,小平市,4,05,1,4,0,0
51310200,44116,20200210,11,東京都多摩小平保健所,1,13,東京都,13211,小平市,12,08,1,5.7,0,0
51310200,44116,20200210,12,東京都多摩小平保健所,1,13,東京都,13211,小平市,8,02,1,7.2,0,0
51310200,44116,20200210,13,東京都多摩小平保健所,1,13,東京都,13211,小平市,0,06,1,8,0,0
51310200,44116,20200210,14,東京都多摩小平保健所,1,13,東京都,13211,小平市,8,01,1,9.3,0,0
51310200,44116,20200210,15,東京都多摩小平保健所,1,13,東京都,13211,小平市,24,02,1,9.4,0,0
51310200,44116,20200210,16,東京都多摩小平保健所,1,13,東京都,13211,小平市,8,01,2,8.8,0,0
51310200,44116,20200210,17,東京都多摩小平保健所,1,13,東京都,13211,小平市,0,02,1,7.9,0,0
51310200,44116,20200210,18,東京都多摩小平保健所,1,13,東京都,13211,小平市,4,00,0,5.8,0,0
51310200,44116,20200210,19,東京都多摩小平保健所,1,13,東京都,13211,小平市,20,15,0,5.3,0,0
51310200,44116,20200210,20,東京都多摩小平保健所,1,13,東京都,13211,小平市,36,12,0,3,0,0
51310200,44116,20200210,21,東京都多摩小平保健所,1,13,東京都,13211,小平市,8,16,0,2.7,0,0
51310200,44116,20200210,22,東京都多摩小平保健所,1,13,東京都,13211,小平市,24,01,2,4.8,0,0
51310200,44116,20200210,23,東京都多摩小平保健所,1,13,東京都,13211,小平市,4,16,1,4.5,0,0
51310200,44116,20200210,24,東京都多摩小平保健所,1,13,東京都,13211,小平市,0,15,1,3.7,0,0
51310200,44116,20200211,01,東京都多摩小平保健所,1,13,東京都,13211,小平市,0,16,1,3.4,0,0
51310200,44116,20200211,02,東京都多摩小平保健所,1,13,東京都,13211,小平市,0,16,1,3,0,0
51310200,44116,20200211,03,東京都多摩小平保健所,1,13,東京都,13211,小平市,0,16,0,2.9,0,0
51310200,44116,20200211,04,東京都多摩小平保健所,1,13,東京都,13211,小平市,0,02,1,1.4,0,0
51310200,44116,20200211,05,東京都多摩小平保健所,1,13,東京都,13211,小平市,0,02,1,.7,0,0
51310200,44116,20200211,06,東京都多摩小平保健所,1,13,東京都,13211,小平市,0,01,1,.7,0,0
51310200,44116,20200211,07,東京都多摩小平保健所,1,13,東京都,13211,小平市,0,15,0,.5,0,0
51310200,44116,20200211,08,東京都多摩小平保健所,1,13,東京都,13211,小平市,8,01,1,3.4,0,0
51310200,44116,20200211,09,東京都多摩小平保健所,1,13,東京都,13211,小平市,4,01,3,5.3,0,0
51310200,44116,20200211,10,東京都多摩小平保健所,1,13,東京都,13211,小平市,0,01,2,7.1,0,0
51310200,44116,20200211,11,東京都多摩小平保健所,1,13,東京都,13211,小平市,0,16,2,8.2,0,0
51310200,44116,20200211,12,東京都多摩小平保健所,1,13,東京都,13211,小平市,4,15,1,9.1,0,0
51310200,44116,20200211,13,東京都多摩小平保健所,1,13,東京都,13211,小平市,8,01,2,9.5,0,0
51310200,44116,20200211,14,東京都多摩小平保健所,1,13,東京都,13211,小平市,12,13,1,10.5,0,0
51310200,44116,20200211,15,東京都多摩小平保健所,1,13,東京都,13211,小平市,20,13,1,10.6,0,0
51310200,44116,20200211,16,東京都多摩小平保健所,1,13,東京都,13211,小平市,20,02,1,10.3,0,0
51310200,44116,20200211,17,東京都多摩小平保健所,1,13,東京都,13211,小平市,4,01,1,9.1,0,0
51310200,44116,20200211,18,東京都多摩小平保健所,1,13,東京都,13211,小平市,8,00,0,6.8,0,0
51310200,44116,20200211,19,東京都多摩小平保健所,1,13,東京都,13211,小平市,12,14,0,6.8,0,0
51310200,44116,20200211,20,東京都多摩小平保健所,1,13,東京都,13211,小平市,12,00,0,4.3,0,0
51310200,44116,20200211,21,東京都多摩小平保健所,1,13,東京都,13211,小平市,4,00,0,4.2,0,0
51310200,44116,20200211,22,東京都多摩小平保健所,1,13,東京都,13211,小平市,0,12,0,4,0,0
51310200,44116,20200211,23,東京都多摩小平保健所,1,13,東京都,13211,小平市,4,15,0,1.9,0,0
51310200,44116,20200211,24,東京都多摩小平保健所,1,13,東京都,13211,小平市,8,16,0,2.3,0,0
51310200,44116,20200212,01,東京都多摩小平保健所,1,13,東京都,13211,小平市,4,14,0,1.6,0,0
51310200,44116,20200212,02,東京都多摩小平保健所,1,13,東京都,13211,小平市,4,13,0,1.5,0,0
51310200,44116,20200212,03,東京都多摩小平保健所,1,13,東京都,13211,小平市,12,15,0,-.3,0,0
51310200,44116,20200212,04,東京都多摩小平保健所,1,13,東京都,13211,小平市,4,00,0,.3,0,0
51310200,44116,20200212,05,東京都多摩小平保健所,1,13,東京都,13211,小平市,0,01,0,.1,0,0
51310200,44116,20200212,06,東京都多摩小平保健所,1,13,東京都,13211,小平市,12,01,0,0,0,0
51310200,44116,20200212,07,東京都多摩小平保健所,1,13,東京都,13211,小平市,8,02,0,-.4,0,0
51310200,44116,20200212,08,東京都多摩小平保健所,1,13,東京都,13211,小平市,8,01,1,2.2,0,0
51310200,44116,20200212,09,東京都多摩小平保健所,1,13,東京都,13211,小平市,8,02,1,3.9,0,0
51310200,44116,20200212,10,東京都多摩小平保健所,1,13,東京都,13211,小平市,4,02,1,5.9,0,0
51310200,44116,20200212,11,東京都多摩小平保健所,1,13,東京都,13211,小平市,24,05,0,7.1,0,0
51310200,44116,20200212,12,東京都多摩小平保健所,1,13,東京都,13211,小平市,32,11,0,8.7,0,0
51310200,44116,20200212,13,東京都多摩小平保健所,1,13,東京都,13211,小平市,36,10,1,11.2,0,0
51310200,44116,20200212,14,東京都多摩小平保健所,1,13,東京都,13211,小平市,28,05,0,12.9,0,0
51310200,44116,20200212,15,東京都多摩小平保健所,1,13,東京都,13211,小平市,24,02,1,14.7,0,0
51310200,44116,20200212,16,東京都多摩小平保健所,1,13,東京都,13211,小平市,12,01,1,14.9,0,0
51310200,44116,20200212,17,東京都多摩小平保健所,1,13,東京都,13211,小平市,20,16,0,12.6,0,0
51310200,44116,20200212,18,東京都多摩小平保健所,1,13,東京都,13211,小平市,28,14,1,11.1,0,0
51310200,44116,20200212,19,東京都多摩小平保健所,1,13,東京都,13211,小平市,28,13,0,9.7,0,0
51310200,44116,20200212,20,東京都多摩小平保健所,1,13,東京都,13211,小平市,20,13,0,9,0,0
51310200,44116,20200212,21,東京都多摩小平保健所,1,13,東京都,13211,小平市,32,13,0,8.5,0,0
51310200,44116,20200212,22,東京都多摩小平保健所,1,13,東京都,13211,小平市,41,00,0,8.6,0,0
51310200,44116,20200212,23,東京都多摩小平保健所,1,13,東京都,13211,小平市,16,13,0,8.8,0,0
51310200,44116,20200212,24,東京都多摩小平保健所,1,13,東京都,13211,小平市,28,14,0,8.3,0,0
51310200,44116,20200213,01,東京都多摩小平保健所,1,13,東京都,13211,小平市,53,13,0,8.4,0,0
51310200,44116,20200213,02,東京都多摩小平保健所,1,13,東京都,13211,小平市,61,05,0,7.1,0,0
51310200,44116,20200213,03,東京都多摩小平保健所,1,13,東京都,13211,小平市,41,08,0,6.9,0,0
51310200,44116,20200213,04,東京都多摩小平保健所,1,13,東京都,13211,小平市,36,14,0,7.5,0,0
51310200,44116,20200213,05,東京都多摩小平保健所,1,13,東京都,13211,小平市,28,01,1,7.7,0,0
51310200,44116,20200213,06,東京都多摩小平保健所,1,13,東京都,13211,小平市,4,01,1,7.7,0,0
51310200,44116,20200213,07,東京都多摩小平保健所,1,13,東京都,13211,小平市,4,16,0,7.5,0,0
51310200,44116,20200213,08,東京都多摩小平保健所,1,13,東京都,13211,小平市,12,15,1,7.5,0,0
51310200,44116,20200213,09,東京都多摩小平保健所,1,13,東京都,13211,小平市,0,16,0,7,0,2
51310200,44116,20200213,10,東京都多摩小平保健所,1,13,東京都,13211,小平市,24,01,1,9.4,0,0
51310200,44116,20200213,11,東京都多摩小平保健所,1,13,東京都,13211,小平市,4,02,1,11.9,0,0
51310200,44116,20200213,12,東京都多摩小平保健所,1,13,東京都,13211,小平市,4,07,1,14,0,0
51310200,44116,20200213,13,東京都多摩小平保健所,1,13,東京都,13211,小平市,28,06,1,15.6,0,0
51310200,44116,20200213,14,東京都多摩小平保健所,1,13,東京都,13211,小平市,16,04,0,16.7,0,0
51310200,44116,20200213,15,東京都多摩小平保健所,1,13,東京都,13211,小平市,8,09,1,17.7,0,0
51310200,44116,20200213,16,東京都多摩小平保健所,1,13,東京都,13211,小平市,12,05,1,17.9,0,0
51310200,44116,20200213,17,東京都多摩小平保健所,1,13,東京都,13211,小平市,41,06,1,16.1,0,0
51310200,44116,20200213,18,東京都多摩小平保健所,1,13,東京都,13211,小平市,73,14,0,14.3,0,0
51310200,44116,20200213,19,東京都多摩小平保健所,1,13,東京都,13211,小平市,4,15,0,13.7,0,0
51310200,44116,20200213,20,東京都多摩小平保健所,1,13,東京都,13211,小平市,12,12,0,13,0,0
51310200,44116,20200213,21,東京都多摩小平保健所,1,13,東京都,13211,小平市,12,03,0,11.3,0,0
51310200,44116,20200213,22,東京都多摩小平保健所,1,13,東京都,13211,小平市,16,02,0,9.8,0,0
51310200,44116,20200213,23,東京都多摩小平保健所,1,13,東京都,13211,小平市,12,00,0,9.7,0,0
51310200,44116,20200213,24,東京都多摩小平保健所,1,13,東京都,13211,小平市,12,13,0,10,0,0
51310200,44116,20200214,01,東京都多摩小平保健所,1,13,東京都,13211,小平市,28,12,1,8.5,0,0
51310200,44116,20200214,02,東京都多摩小平保健所,1,13,東京都,13211,小平市,45,13,0,8.3,0,0
51310200,44116,20200214,03,東京都多摩小平保健所,1,13,東京都,13211,小平市,12,11,1,7.7,0,0
51310200,44116,20200214,04,東京都多摩小平保健所,1,13,東京都,13211,小平市,36,12,2,7.4,0,0
51310200,44116,20200214,05,東京都多摩小平保健所,1,13,東京都,13211,小平市,65,15,0,6.7,0,0
51310200,44116,20200214,06,東京都多摩小平保健所,1,13,東京都,13211,小平市,82,13,0,6.4,0,0
51310200,44116,20200214,07,東京都多摩小平保健所,1,13,東京都,13211,小平市,49,11,0,5.6,0,0
51310200,44116,20200214,08,東京都多摩小平保健所,1,13,東京都,13211,小平市,57,12,0,9.4,0,0
51310200,44116,20200214,09,東京都多摩小平保健所,1,13,東京都,13211,小平市,32,14,0,11.1,0,0
51310200,44116,20200214,10,東京都多摩小平保健所,1,13,東京都,13211,小平市,77,11,0,13,0,0
51310200,44116,20200214,11,東京都多摩小平保健所,1,13,東京都,13211,小平市,4,06,0,14.3,0,0
51310200,44116,20200214,12,東京都多摩小平保健所,1,13,東京都,13211,小平市,20,02,0,15.3,0,0
51310200,44116,20200214,13,東京都多摩小平保健所,1,13,東京都,13211,小平市,4,07,1,15.6,0,0
51310200,44116,20200214,14,東京都多摩小平保健所,1,13,東京都,13211,小平市,4,06,3,15.3,0,0
51310200,44116,20200214,15,東京都多摩小平保健所,1,13,東京都,13211,小平市,0,06,2,14.8,0,1
51310200,44116,20200214,16,東京都多摩小平保健所,1,13,東京都,13211,小平市,8,06,2,14.3,0,1
51310200,44116,20200214,17,東京都多摩小平保健所,1,13,東京都,13211,小平市,45,06,2,13.3,0,1
51310200,44116,20200214,18,東京都多摩小平保健所,1,13,東京都,13211,小平市,86,09,1,13,0,0
51310200,44116,20200214,19,東京都多摩小平保健所,1,13,東京都,13211,小平市,36,01,0,11.1,0,0
51310200,44116,20200214,20,東京都多摩小平保健所,1,13,東京都,13211,小平市,36,00,0,10.1,0,0
51310200,44116,20200214,21,東京都多摩小平保健所,1,13,東京都,13211,小平市,16,00,0,9.4,0,0
51310200,44116,20200214,22,東京都多摩小平保健所,1,13,東京都,13211,小平市,8,13,0,9.7,0,0
51310200,44116,20200214,23,東京都多摩小平保健所,1,13,東京都,13211,小平市,12,13,0,8.9,0,0
51310200,44116,20200214,24,東京都多摩小平保健所,1,13,東京都,13211,小平市,16,13,0,7.8,0,0
51310200,44116,20200215,01,東京都多摩小平保健所,1,13,東京都,13211,小平市,16,13,0,7,0,0
51310200,44116,20200215,02,東京都多摩小平保健所,1,13,東京都,13211,小平市,184,13,0,6.3,0,0
51310200,44116,20200215,03,東京都多摩小平保健所,1,13,東京都,13211,小平市,217,14,0,6.7,0,0
51310200,44116,20200215,04,東京都多摩小平保健所,1,13,東京都,13211,小平市,73,00,0,5.1,0,0
51310200,44116,20200215,05,東京都多摩小平保健所,1,13,東京都,13211,小平市,45,00,0,3.8,0,0
51310200,44116,20200215,06,東京都多摩小平保健所,1,13,東京都,13211,小平市,36,00,0,4.6,0,0
51310200,44116,20200215,07,東京都多摩小平保健所,1,13,東京都,13211,小平市,65,14,1,5.7,0,0
51310200,44116,20200215,08,東京都多摩小平保健所,1,13,東京都,13211,小平市,77,11,0,7.8,0,0
51310200,44116,20200215,09,東京都多摩小平保健所,1,13,東京都,13211,小平市,73,09,1,11.2,0,0
51310200,44116,20200215,10,東京都多摩小平保健所,1,13,東京都,13211,小平市,28,08,2,12.7,0,0
51310200,44116,20200215,11,東京都多摩小平保健所,1,13,東京都,13211,小平市,45,07,1,14.2,0,0
51310200,44116,20200215,12,東京都多摩小平保健所,1,13,東京都,13211,小平市,69,04,0,14,0,0
51310200,44116,20200215,13,東京都多摩小平保健所,1,13,東京都,13211,小平市,24,06,1,14.7,0,0
51310200,44116,20200215,14,東京都多摩小平保健所,1,13,東京都,13211,小平市,24,06,1,15,0,0
51310200,44116,20200215,15,東京都多摩小平保健所,1,13,東京都,13211,小平市,12,07,2,15.2,0,0
51310200,44116,20200215,16,東京都多摩小平保健所,1,13,東京都,13211,小平市,16,08,2,14.8,0,0
51310200,44116,20200215,17,東京都多摩小平保健所,1,13,東京都,13211,小平市,4,07,2,14.2,0,0
51310200,44116,20200215,18,東京都多摩小平保健所,1,13,東京都,13211,小平市,8,05,1,13.5,0,0
51310200,44116,20200215,19,東京都多摩小平保健所,1,13,東京都,13211,小平市,4,07,1,11.7,0,0
51310200,44116,20200215,20,東京都多摩小平保健所,1,13,東京都,13211,小平市,12,14,0,9.9,0,0
51310200,44116,20200215,21,東京都多摩小平保健所,1,13,東京都,13211,小平市,4,12,0,8.4,0,0
51310200,44116,20200215,22,東京都多摩小平保健所,1,13,東京都,13211,小平市,0,12,1,8.6,0,0
51310200,44116,20200215,23,東京都多摩小平保健所,1,13,東京都,13211,小平市,0,12,1,8,0,0
51310200,44116,20200215,24,東京都多摩小平保健所,1,13,東京都,13211,小平市,4,13,0,7.2,0,0
51310200,44116,20200216,01,東京都多摩小平保健所,1,13,東京都,13211,小平市,16,13,1,6.8,0,0
51310200,44116,20200216,02,東京都多摩小平保健所,1,13,東京都,13211,小平市,41,12,0,6.9,0,0
51310200,44116,20200216,03,東京都多摩小平保健所,1,13,東京都,13211,小平市,16,13,0,6.4,0,0
51310200,44116,20200216,04,東京都多摩小平保健所,1,13,東京都,13211,小平市,20,10,0,6.1,0,0
51310200,44116,20200216,05,東京都多摩小平保健所,1,13,東京都,13211,小平市,4,13,0,6.4,0,0
51310200,44116,20200216,06,東京都多摩小平保健所,1,13,東京都,13211,小平市,4,13,1,6.7,0,0
51310200,44116,20200216,07,東京都多摩小平保健所,1,13,東京都,13211,小平市,16,09,0,6.7,0,0
51310200,44116,20200216,08,東京都多摩小平保健所,1,13,東京都,13211,小平市,16,02,0,7.1,0,1
51310200,44116,20200216,09,東京都多摩小平保健所,1,13,東京都,13211,小平市,12,00,0,8.2,0,1
51310200,44116,20200216,10,東京都多摩小平保健所,1,13,東京都,13211,小平市,8,14,0,8.1,1,1
51310200,44116,20200216,11,東京都多摩小平保健所,1,13,東京都,13211,小平市,0,01,0,8.1,2,0
51310200,44116,20200216,12,東京都多摩小平保健所,1,13,東京都,13211,小平市,4,01,1,8.6,0,0
51310200,44116,20200216,13,東京都多摩小平保健所,1,13,東京都,13211,小平市,0,16,0,9.3,0,0
51310200,44116,20200216,14,東京都多摩小平保健所,1,13,東京都,13211,小平市,4,01,1,9.3,0,0
51310200,44116,20200216,15,東京都多摩小平保健所,1,13,東京都,13211,小平市,0,01,0,9.7,0,0
51310200,44116,20200216,16,東京都多摩小平保健所,1,13,東京都,13211,小平市,0,01,0,9.7,0,0
51310200,44116,20200216,17,東京都多摩小平保健所,1,13,東京都,13211,小平市,0,01,1,9.6,0,0
51310200,44116,20200216,18,東京都多摩小平保健所,1,13,東京都,13211,小平市,0,01,0,9.3,0,0
51310200,44116,20200216,19,東京都多摩小平保健所,1,13,東京都,13211,小平市,0,01,0,9.2,0,0
51310200,44116,20200216,20,東京都多摩小平保健所,1,13,東京都,13211,小平市,0,01,1,9.3,0,0
51310200,44116,20200216,21,東京都多摩小平保健所,1,13,東京都,13211,小平市,4,16,1,9.1,0,0
51310200,44116,20200216,22,東京都多摩小平保健所,1,13,東京都,13211,小平市,0,01,0,9,0,0
51310200,44116,20200216,23,東京都多摩小平保健所,1,13,東京都,13211,小平市,0,16,1,9,0,0
51310200,44116,20200216,24,東京都多摩小平保健所,1,13,東京都,13211,小平市,0,14,1,9.1,0,0
51310200,44116,20200217,01,東京都多摩小平保健所,1,13,東京都,13211,小平市,0,15,0,9.3,0,0
51310200,44116,20200217,02,東京都多摩小平保健所,1,13,東京都,13211,小平市,0,01,1,9.1,0,0
51310200,44116,20200217,03,東京都多摩小平保健所,1,13,東京都,13211,小平市,0,02,0,9,0,0
51310200,44116,20200217,04,東京都多摩小平保健所,1,13,東京都,13211,小平市,0,02,1,8.9,0,0
51310200,44116,20200217,05,東京都多摩小平保健所,1,13,東京都,13211,小平市,0,03,0,8.6,0,0
51310200,44116,20200217,06,東京都多摩小平保健所,1,13,東京都,13211,小平市,0,15,0,8.9,0,0
51310200,44116,20200217,07,東京都多摩小平保健所,1,13,東京都,13211,小平市,0,16,0,8.9,0,0
51310200,44116,20200217,08,東京都多摩小平保健所,1,13,東京都,13211,小平市,0,16,1,9.3,0,0
51310200,44116,20200217,09,東京都多摩小平保健所,1,13,東京都,13211,小平市,0,16,1,9.6,0,0
51310200,44116,20200217,10,東京都多摩小平保健所,1,13,東京都,13211,小平市,4,01,1,10.6,0,0
51310200,44116,20200217,11,東京都多摩小平保健所,1,13,東京都,13211,小平市,4,02,1,10.5,0,0
51310200,44116,20200217,12,東京都多摩小平保健所,1,13,東京都,13211,小平市,0,02,0,10.9,0,0
51310200,44116,20200217,13,東京都多摩小平保健所,1,13,東京都,13211,小平市,4,14,1,12,0,0
51310200,44116,20200217,14,東京都多摩小平保健所,1,13,東京都,13211,小平市,24,01,1,13,0,0
51310200,44116,20200217,15,東京都多摩小平保健所,1,13,東京都,13211,小平市,53,15,1,13.4,0,0
51310200,44116,20200217,16,東京都多摩小平保健所,1,13,東京都,13211,小平市,36,16,1,13,0,0
51310200,44116,20200217,17,東京都多摩小平保健所,1,13,東京都,13211,小平市,32,01,2,10.9,0,0
51310200,44116,20200217,18,東京都多摩小平保健所,1,13,東京都,13211,小平市,20,16,1,9.7,0,0
51310200,44116,20200217,19,東京都多摩小平保健所,1,13,東京都,13211,小平市,20,01,1,9,0,0
51310200,44116,20200217,20,東京都多摩小平保健所,1,13,東京都,13211,小平市,32,16,0,8.8,0,0
51310200,44116,20200217,21,東京都多摩小平保健所,1,13,東京都,13211,小平市,28,15,1,8.7,0,0
51310200,44116,20200217,22,東京都多摩小平保健所,1,13,東京都,13211,小平市,8,01,1,6.9,0,0
51310200,44116,20200217,23,東京都多摩小平保健所,1,13,東京都,13211,小平市,0,02,1,5.6,0,0
51310200,44116,20200217,24,東京都多摩小平保健所,1,13,東京都,13211,小平市,0,03,1,5.5,0,0
51310200,44116,20200218,01,東京都多摩小平保健所,1,13,東京都,13211,小平市,4,16,0,4.1,0,0
51310200,44116,20200218,02,東京都多摩小平保健所,1,13,東京都,13211,小平市,4,14,1,4.5,0,0
51310200,44116,20200218,03,東京都多摩小平保健所,1,13,東京都,13211,小平市,8,01,1,4.2,0,0
51310200,44116,20200218,04,東京都多摩小平保健所,1,13,東京都,13211,小平市,8,12,1,4,0,0
51310200,44116,20200218,05,東京都多摩小平保健所,1,13,東京都,13211,小平市,12,11,1,3.4,0,0
51310200,44116,20200218,06,東京都多摩小平保健所,1,13,東京都,13211,小平市,20,04,0,2.1,0,0
51310200,44116,20200218,07,東京都多摩小平保健所,1,13,東京都,13211,小平市,98,10,0,2.3,0,0
51310200,44116,20200218,08,東京都多摩小平保健所,1,13,東京都,13211,小平市,196,00,0,5.6,0,0
51310200,44116,20200218,09,東京都多摩小平保健所,1,13,東京都,13211,小平市,82,14,1,6.9,0,0
51310200,44116,20200218,10,東京都多摩小平保健所,1,13,東京都,13211,小平市,41,08,1,8.7,0,0
51310200,44116,20200218,11,東京都多摩小平保健所,1,13,東京都,13211,小平市,41,03,1,9.8,0,0
51310200,44116,20200218,12,東京都多摩小平保健所,1,13,東京都,13211,小平市,82,12,1,10.5,0,0
51310200,44116,20200218,13,東京都多摩小平保健所,1,13,東京都,13211,小平市,53,16,2,10.9,0,0
51310200,44116,20200218,14,東京都多摩小平保健所,1,13,東京都,13211,小平市,86,16,1,10.9,0,0
51310200,44116,20200218,15,東京都多摩小平保健所,1,13,東京都,13211,小平市,155,01,2,11.3,0,0
51310200,44116,20200218,16,東京都多摩小平保健所,1,13,東京都,13211,小平市,20,01,1,9.8,0,0
51310200,44116,20200218,17,東京都多摩小平保健所,1,13,東京都,13211,小平市,16,01,1,9,0,0
51310200,44116,20200218,18,東京都多摩小平保健所,1,13,東京都,13211,小平市,20,16,1,7.9,0,0
51310200,44116,20200218,19,東京都多摩小平保健所,1,13,東京都,13211,小平市,12,15,0,7,0,0
51310200,44116,20200218,20,東京都多摩小平保健所,1,13,東京都,13211,小平市,16,16,0,5.6,0,0
51310200,44116,20200218,21,東京都多摩小平保健所,1,13,東京都,13211,小平市,4,14,1,5.7,0,0
51310200,44116,20200218,22,東京都多摩小平保健所,1,13,東京都,13211,小平市,8,14,0,4.9,0,0
51310200,44116,20200218,23,東京都多摩小平保健所,1,13,東京都,13211,小平市,4,16,0,3.3,0,0
51310200,44116,20200218,24,東京都多摩小平保健所,1,13,東京都,13211,小平市,16,13,1,3.1,0,0
51310200,44116,20200219,01,東京都多摩小平保健所,1,13,東京都,13211,小平市,20,13,0,2.1,0,0
51310200,44116,20200219,02,東京都多摩小平保健所,1,13,東京都,13211,小平市,28,13,0,1.5,0,0
51310200,44116,20200219,03,東京都多摩小平保健所,1,13,東京都,13211,小平市,41,12,1,1.6,0,0
51310200,44116,20200219,04,東京都多摩小平保健所,1,13,東京都,13211,小平市,57,11,0,.5,0,0
51310200,44116,20200219,05,東京都多摩小平保健所,1,13,東京都,13211,小平市,61,12,1,.7,0,0
51310200,44116,20200219,06,東京都多摩小平保健所,1,13,東京都,13211,小平市,65,12,0,.4,0,0
51310200,44116,20200219,07,東京都多摩小平保健所,1,13,東京都,13211,小平市,16,12,1,.9,0,0
51310200,44116,20200219,08,東京都多摩小平保健所,1,13,東京都,13211,小平市,4,13,1,5.2,0,0
51310200,44116,20200219,09,東京都多摩小平保健所,1,13,東京都,13211,小平市,0,15,2,7.8,0,0
51310200,44116,20200219,10,東京都多摩小平保健所,1,13,東京都,13211,小平市,4,16,1,9.3,0,0
51310200,44116,20200219,11,東京都多摩小平保健所,1,13,東京都,13211,小平市,4,01,2,10.3,0,0
51310200,44116,20200219,12,東京都多摩小平保健所,1,13,東京都,13211,小平市,0,02,2,10.9,0,0
51310200,44116,20200219,13,東京都多摩小平保健所,1,13,東京都,13211,小平市,8,02,1,11.2,0,0
51310200,44116,20200219,14,東京都多摩小平保健所,1,13,東京都,13211,小平市,16,04,1,11.1,0,0
51310200,44116,20200219,15,東京都多摩小平保健所,1,13,東京都,13211,小平市,20,03,1,12.4,0,0
51310200,44116,20200219,16,東京都多摩小平保健所,1,13,東京都,13211,小平市,8,03,1,12,0,0
51310200,44116,20200219,17,東京都多摩小平保健所,1,13,東京都,13211,小平市,12,08,2,10.1,0,0
51310200,44116,20200219,18,東京都多摩小平保健所,1,13,東京都,13211,小平市,0,07,1,8.7,0,0
51310200,44116,20200219,19,東京都多摩小平保健所,1,13,東京都,13211,小平市,12,08,1,7.9,0,0
51310200,44116,20200219,20,東京都多摩小平保健所,1,13,東京都,13211,小平市,16,00,0,6.2,0,0
51310200,44116,20200219,21,東京都多摩小平保健所,1,13,東京都,13211,小平市,4,14,0,5.7,0,0
51310200,44116,20200219,22,東京都多摩小平保健所,1,13,東京都,13211,小平市,16,13,0,5.5,0,0
51310200,44116,20200219,23,東京都多摩小平保健所,1,13,東京都,13211,小平市,16,03,0,4.7,0,0
51310200,44116,20200219,24,東京都多摩小平保健所,1,13,東京都,13211,小平市,36,12,0,5.4,0,0
51310200,44116,20200220,01,東京都多摩小平保健所,1,13,東京都,13211,小平市,20,13,1,5.7,0,0
51310200,44116,20200220,02,東京都多摩小平保健所,1,13,東京都,13211,小平市,8,15,0,4.5,0,0
51310200,44116,20200220,03,東京都多摩小平保健所,1,13,東京都,13211,小平市,8,14,0,3.1,0,0
51310200,44116,20200220,04,東京都多摩小平保健所,1,13,東京都,13211,小平市,8,15,0,2.8,0,0
51310200,44116,20200220,05,東京都多摩小平保健所,1,13,東京都,13211,小平市,8,15,0,2.2,0,0
51310200,44116,20200220,06,東京都多摩小平保健所,1,13,東京都,13211,小平市,8,01,0,3.1,0,0
51310200,44116,20200220,07,東京都多摩小平保健所,1,13,東京都,13211,小平市,12,14,0,3.6,0,0
51310200,44116,20200220,08,東京都多摩小平保健所,1,13,東京都,13211,小平市,8,15,1,5.5,0,0
51310200,44116,20200220,09,東京都多摩小平保健所,1,13,東京都,13211,小平市,32,14,1,7.2,0,0
51310200,44116,20200220,10,東京都多摩小平保健所,1,13,東京都,13211,小平市,4,15,1,9.8,0,0
51310200,44116,20200220,11,東京都多摩小平保健所,1,13,東京都,13211,小平市,16,16,1,10.2,0,0
51310200,44116,20200220,12,東京都多摩小平保健所,1,13,東京都,13211,小平市,4,02,1,11.3,0,0
51310200,44116,20200220,13,東京都多摩小平保健所,1,13,東京都,13211,小平市,8,03,1,12.2,0,0
51310200,44116,20200220,14,東京都多摩小平保健所,1,13,東京都,13211,小平市,4,02,0,12.5,0,0
51310200,44116,20200220,15,東京都多摩小平保健所,1,13,東京都,13211,小平市,12,03,1,12,0,0
51310200,44116,20200220,16,東京都多摩小平保健所,1,13,東京都,13211,小平市,12,02,2,11.7,0,0
51310200,44116,20200220,17,東京都多摩小平保健所,1,13,東京都,13211,小平市,8,02,1,11.5,0,0
51310200,44116,20200220,18,東京都多摩小平保健所,1,13,東京都,13211,小平市,24,01,1,11.1,0,0
51310200,44116,20200220,19,東京都多摩小平保健所,1,13,東京都,13211,小平市,4,01,0,10.6,0,0
51310200,44116,20200220,20,東京都多摩小平保健所,1,13,東京都,13211,小平市,0,02,2,9.8,0,0
51310200,44116,20200220,21,東京都多摩小平保健所,1,13,東京都,13211,小平市,8,02,1,9,0,0
51310200,44116,20200220,22,東京都多摩小平保健所,1,13,東京都,13211,小平市,4,02,1,8.8,0,0
51310200,44116,20200220,23,東京都多摩小平保健所,1,13,東京都,13211,小平市,4,15,0,8.4,0,0
51310200,44116,20200220,24,東京都多摩小平保健所,1,13,東京都,13211,小平市,8,16,0,7.8,0,0
51310200,44116,20200221,01,東京都多摩小平保健所,1,13,東京都,13211,小平市,12,15,0,8.1,0,0
51310200,44116,20200221,02,東京都多摩小平保健所,1,13,東京都,13211,小平市,0,01,1,7.7,0,0
51310200,44116,20200221,03,東京都多摩小平保健所,1,13,東京都,13211,小平市,0,01,0,7.1,0,0
51310200,44116,20200221,04,東京都多摩小平保健所,1,13,東京都,13211,小平市,0,01,0,6.8,0,0
51310200,44116,20200221,05,東京都多摩小平保健所,1,13,東京都,13211,小平市,4,16,0,6.3,0,0
51310200,44116,20200221,06,東京都多摩小平保健所,1,13,東京都,13211,小平市,8,01,0,5.9,0,0
51310200,44116,20200221,07,東京都多摩小平保健所,1,13,東京都,13211,小平市,16,00,0,5.1,0,0
51310200,44116,20200221,08,東京都多摩小平保健所,1,13,東京都,13211,小平市,24,05,0,7.6,0,0
51310200,44116,20200221,09,東京都多摩小平保健所,1,13,東京都,13211,小平市,20,03,1,8.8,0,0
51310200,44116,20200221,10,東京都多摩小平保健所,1,13,東京都,13211,小平市,8,05,1,10.5,0,0
51310200,44116,20200221,11,東京都多摩小平保健所,1,13,東京都,13211,小平市,4,04,1,11.7,0,0
51310200,44116,20200221,12,東京都多摩小平保健所,1,13,東京都,13211,小平市,4,05,2,11.6,0,0
51310200,44116,20200221,13,東京都多摩小平保健所,1,13,東京都,13211,小平市,12,08,3,12.7,0,0
51310200,44116,20200221,14,東京都多摩小平保健所,1,13,東京都,13211,小平市,4,07,3,13.5,0,0
51310200,44116,20200221,15,東京都多摩小平保健所,1,13,東京都,13211,小平市,4,06,3,13.6,0,0
51310200,44116,20200221,16,東京都多摩小平保健所,1,13,東京都,13211,小平市,0,08,4,13.2,0,0
51310200,44116,20200221,17,東京都多摩小平保健所,1,13,東京都,13211,小平市,12,08,3,11.2,0,0
51310200,44116,20200221,18,東京都多摩小平保健所,1,13,東京都,13211,小平市,20,08,3,10.8,0,0
51310200,44116,20200221,19,東京都多摩小平保健所,1,13,東京都,13211,小平市,8,07,2,10.6,0,0
51310200,44116,20200221,20,東京都多摩小平保健所,1,13,東京都,13211,小平市,0,07,1,9.6,0,0
51310200,44116,20200221,21,東京都多摩小平保健所,1,13,東京都,13211,小平市,4,07,1,9.7,0,0
51310200,44116,20200221,22,東京都多摩小平保健所,1,13,東京都,13211,小平市,4,07,1,8.5,0,0
51310200,44116,20200221,23,東京都多摩小平保健所,1,13,東京都,13211,小平市,12,11,0,6.6,0,0
51310200,44116,20200221,24,東京都多摩小平保健所,1,13,東京都,13211,小平市,57,13,1,7.1,0,0
51310200,44116,20200222,01,東京都多摩小平保健所,1,13,東京都,13211,小平市,45,12,0,6.3,0,0
51310200,44116,20200222,02,東京都多摩小平保健所,1,13,東京都,13211,小平市,77,16,0,7.4,0,0
51310200,44116,20200222,03,東京都多摩小平保健所,1,13,東京都,13211,小平市,82,15,0,7.1,0,1
51310200,44116,20200222,04,東京都多摩小平保健所,1,13,東京都,13211,小平市,28,16,0,6.6,0,0
51310200,44116,20200222,05,東京都多摩小平保健所,1,13,東京都,13211,小平市,0,04,0,6.3,0,0
51310200,44116,20200222,06,東京都多摩小平保健所,1,13,東京都,13211,小平市,0,00,0,5.4,0,0
51310200,44116,20200222,07,東京都多摩小平保健所,1,13,東京都,13211,小平市,0,00,0,6.2,0,0
51310200,44116,20200222,08,東京都多摩小平保健所,1,13,東京都,13211,小平市,16,06,3,7.7,0,0
51310200,44116,20200222,09,東京都多摩小平保健所,1,13,東京都,13211,小平市,8,07,2,9.4,0,0
51310200,44116,20200222,10,東京都多摩小平保健所,1,13,東京都,13211,小平市,61,14,1,12,0,0
51310200,44116,20200222,11,東京都多摩小平保健所,1,13,東京都,13211,小平市,36,09,5,16.3,0,0
51310200,44116,20200222,12,東京都多摩小平保健所,1,13,東京都,13211,小平市,57,08,5,16,0,0
51310200,44116,20200222,13,東京都多摩小平保健所,1,13,東京都,13211,小平市,28,09,7,16.8,0,0
51310200,44116,20200222,14,東京都多摩小平保健所,1,13,東京都,13211,小平市,16,09,7,17.7,0,0
51310200,44116,20200222,15,東京都多摩小平保健所,1,13,東京都,13211,小平市,16,10,6,15.9,0,0
51310200,44116,20200222,16,東京都多摩小平保健所,1,13,東京都,13211,小平市,12,09,4,15.9,0,0
51310200,44116,20200222,17,東京都多摩小平保健所,1,13,東京都,13211,小平市,0,08,5,15.4,0,0
51310200,44116,20200222,18,東京都多摩小平保健所,1,13,東京都,13211,小平市,4,09,4,13.9,0,1
51310200,44116,20200222,19,東京都多摩小平保健所,1,13,東京都,13211,小平市,0,08,2,13,0,0
51310200,44116,20200222,20,東京都多摩小平保健所,1,13,東京都,13211,小平市,0,10,2,12.6,0,0
51310200,44116,20200222,21,東京都多摩小平保健所,1,13,東京都,13211,小平市,0,12,1,11.3,0,0
51310200,44116,20200222,22,東京都多摩小平保健所,1,13,東京都,13211,小平市,36,12,0,9.9,0,0
51310200,44116,20200222,23,東京都多摩小平保健所,1,13,東京都,13211,小平市,159,14,1,9.2,0,0
51310200,44116,20200222,24,東京都多摩小平保健所,1,13,東京都,13211,小平市,184,16,1,9.5,0,0
51310200,44116,20200223,01,東京都多摩小平保健所,1,13,東京都,13211,小平市,49,16,1,9.2,0,0
51310200,44116,20200223,02,東京都多摩小平保健所,1,13,東京都,13211,小平市,16,16,1,9,0,0
51310200,44116,20200223,03,東京都多摩小平保健所,1,13,東京都,13211,小平市,73,14,1,8.6,0,0
51310200,44116,20200223,04,東京都多摩小平保健所,1,13,東京都,13211,小平市,20,14,1,8.3,0,0
51310200,44116,20200223,05,東京都多摩小平保健所,1,13,東京都,13211,小平市,90,15,0,5.7,0,0
51310200,44116,20200223,06,東京都多摩小平保健所,1,13,東京都,13211,小平市,82,12,0,5.2,0,0
51310200,44116,20200223,07,東京都多摩小平保健所,1,13,東京都,13211,小平市,131,10,0,4.8,0,0
51310200,44116,20200223,08,東京都多摩小平保健所,1,13,東京都,13211,小平市,102,11,1,8.7,0,0
51310200,44116,20200223,09,東京都多摩小平保健所,1,13,東京都,13211,小平市,69,05,1,10.5,0,0
51310200,44116,20200223,10,東京都多摩小平保健所,1,13,東京都,13211,小平市,106,04,2,12.4,0,0
51310200,44116,20200223,11,東京都多摩小平保健所,1,13,東京都,13211,小平市,213,15,1,14.6,0,0
51310200,44116,20200223,12,東京都多摩小平保健所,1,13,東京都,13211,小平市,102,12,1,15,0,0
51310200,44116,20200223,13,東京都多摩小平保健所,1,13,東京都,13211,小平市,94,15,2,15.9,0,0
51310200,44116,20200223,14,東京都多摩小平保健所,1,13,東京都,13211,小平市,36,01,2,15.7,0,0
51310200,44116,20200223,15,東京都多摩小平保健所,1,13,東京都,13211,小平市,28,16,2,15.3,0,0
51310200,44116,20200223,16,東京都多摩小平保健所,1,13,東京都,13211,小平市,8,01,2,12.8,0,0
51310200,44116,20200223,17,東京都多摩小平保健所,1,13,東京都,13211,小平市,24,01,2,10.8,0,0
51310200,44116,20200223,18,東京都多摩小平保健所,1,13,東京都,13211,小平市,0,16,1,9.5,0,0
51310200,44116,20200223,19,東京都多摩小平保健所,1,13,東京都,13211,小平市,4,16,1,8.5,0,0
51310200,44116,20200223,20,東京都多摩小平保健所,1,13,東京都,13211,小平市,4,15,2,7.6,0,0
51310200,44116,20200223,21,東京都多摩小平保健所,1,13,東京都,13211,小平市,0,16,1,7,0,0
51310200,44116,20200223,22,東京都多摩小平保健所,1,13,東京都,13211,小平市,0,16,0,6.4,0,0
51310200,44116,20200223,23,東京都多摩小平保健所,1,13,東京都,13211,小平市,0,01,0,5.6,0,0
51310200,44116,20200223,24,東京都多摩小平保健所,1,13,東京都,13211,小平市,8,01,0,5,0,0
51310200,44116,20200224,01,東京都多摩小平保健所,1,13,東京都,13211,小平市,16,12,0,3.9,0,0
51310200,44116,20200224,02,東京都多摩小平保健所,1,13,東京都,13211,小平市,12,11,1,4,0,0
51310200,44116,20200224,03,東京都多摩小平保健所,1,13,東京都,13211,小平市,20,12,0,2.7,0,0
51310200,44116,20200224,04,東京都多摩小平保健所,1,13,東京都,13211,小平市,16,12,1,2.6,0,0
51310200,44116,20200224,05,東京都多摩小平保健所,1,13,東京都,13211,小平市,36,13,0,1.4,0,0
51310200,44116,20200224,06,東京都多摩小平保健所,1,13,東京都,13211,小平市,8,13,0,1.3,0,0
51310200,44116,20200224,07,東京都多摩小平保健所,1,13,東京都,13211,小平市,8,13,0,1.2,0,0
51310200,44116,20200224,08,東京都多摩小平保健所,1,13,東京都,13211,小平市,8,11,1,4.9,0,0
51310200,44116,20200224,09,東京都多摩小平保健所,1,13,東京都,13211,小平市,12,13,1,7.8,0,0
51310200,44116,20200224,10,東京都多摩小平保健所,1,13,東京都,13211,小平市,24,10,1,10.9,0,0
51310200,44116,20200224,11,東京都多摩小平保健所,1,13,東京都,13211,小平市,20,08,2,11.8,0,0
51310200,44116,20200224,12,東京都多摩小平保健所,1,13,東京都,13211,小平市,16,08,2,13.5,0,0
51310200,44116,20200224,13,東京都多摩小平保健所,1,13,東京都,13211,小平市,32,07,1,14.1,0,0
51310200,44116,20200224,14,東京都多摩小平保健所,1,13,東京都,13211,小平市,16,06,3,14.5,0,0
51310200,44116,20200224,15,東京都多摩小平保健所,1,13,東京都,13211,小平市,28,08,2,14.4,0,0
51310200,44116,20200224,16,東京都多摩小平保健所,1,13,東京都,13211,小平市,8,08,3,13.7,0,0
51310200,44116,20200224,17,東京都多摩小平保健所,1,13,東京都,13211,小平市,8,08,3,12.2,0,0
51310200,44116,20200224,18,東京都多摩小平保健所,1,13,東京都,13211,小平市,8,08,1,10.9,0,0
51310200,44116,20200224,19,東京都多摩小平保健所,1,13,東京都,13211,小平市,0,08,1,10.3,0,0
51310200,44116,20200224,20,東京都多摩小平保健所,1,13,東京都,13211,小平市,4,12,0,8.6,0,0
51310200,44116,20200224,21,東京都多摩小平保健所,1,13,東京都,13211,小平市,45,12,0,8,0,0
51310200,44116,20200224,22,東京都多摩小平保健所,1,13,東京都,13211,小平市,45,12,1,7.8,0,0
51310200,44116,20200224,23,東京都多摩小平保健所,1,13,東京都,13211,小平市,28,12,1,7.1,0,0
51310200,44116,20200224,24,東京都多摩小平保健所,1,13,東京都,13211,小平市,36,13,0,6.1,0,0
51310200,44116,20200225,01,東京都多摩小平保健所,1,13,東京都,13211,小平市,45,12,1,6,0,0
51310200,44116,20200225,02,東京都多摩小平保健所,1,13,東京都,13211,小平市,49,12,1,5.5,0,0
51310200,44116,20200225,03,東京都多摩小平保健所,1,13,東京都,13211,小平市,73,12,0,4.9,0,0
51310200,44116,20200225,04,東京都多摩小平保健所,1,13,東京都,13211,小平市,53,13,0,5.1,0,0
51310200,44116,20200225,05,東京都多摩小平保健所,1,13,東京都,13211,小平市,16,12,0,3.9,0,0
51310200,44116,20200225,06,東京都多摩小平保健所,1,13,東京都,13211,小平市,8,12,1,4.1,0,0
51310200,44116,20200225,07,東京都多摩小平保健所,1,13,東京都,13211,小平市,8,12,1,5,0,0
51310200,44116,20200225,08,東京都多摩小平保健所,1,13,東京都,13211,小平市,16,12,1,6.8,0,0
51310200,44116,20200225,09,東京都多摩小平保健所,1,13,東京都,13211,小平市,24,11,1,10.4,0,0
51310200,44116,20200225,10,東京都多摩小平保健所,1,13,東京都,13211,小平市,20,02,1,12.6,0,0
51310200,44116,20200225,11,東京都多摩小平保健所,1,13,東京都,13211,小平市,28,01,1,12.4,0,0
51310200,44116,20200225,12,東京都多摩小平保健所,1,13,東京都,13211,小平市,16,03,1,12.5,0,0
51310200,44116,20200225,13,東京都多摩小平保健所,1,13,東京都,13211,小平市,12,05,1,12.3,0,0
51310200,44116,20200225,14,東京都多摩小平保健所,1,13,東京都,13211,小平市,32,05,1,12.6,0,0
51310200,44116,20200225,15,東京都多摩小平保健所,1,13,東京都,13211,小平市,24,02,0,12.8,0,0
51310200,44116,20200225,16,東京都多摩小平保健所,1,13,東京都,13211,小平市,28,01,1,12.5,0,0
51310200,44116,20200225,17,東京都多摩小平保健所,1,13,東京都,13211,小平市,20,01,1,12.1,0,0
51310200,44116,20200225,18,東京都多摩小平保健所,1,13,東京都,13211,小平市,20,01,1,11,0,0
51310200,44116,20200225,19,東京都多摩小平保健所,1,13,東京都,13211,小平市,4,01,1,10,0,0
51310200,44116,20200225,20,東京都多摩小平保健所,1,13,東京都,13211,小平市,0,02,1,9.6,0,0
51310200,44116,20200225,21,東京都多摩小平保健所,1,13,東京都,13211,小平市,4,16,1,9,0,0
51310200,44116,20200225,22,東京都多摩小平保健所,1,13,東京都,13211,小平市,0,01,1,8.3,0,1
51310200,44116,20200225,23,東京都多摩小平保健所,1,13,東京都,13211,小平市,8,15,1,8,0,0
51310200,44116,20200225,24,東京都多摩小平保健所,1,13,東京都,13211,小平市,0,16,1,7.4,0,2
51310200,44116,20200226,01,東京都多摩小平保健所,1,13,東京都,13211,小平市,0,15,0,7.2,1,3
51310200,44116,20200226,02,東京都多摩小平保健所,1,13,東京都,13211,小平市,0,14,1,7.2,1,1
51310200,44116,20200226,03,東京都多摩小平保健所,1,13,東京都,13211,小平市,0,01,1,7.1,0,0
51310200,44116,20200226,04,東京都多摩小平保健所,1,13,東京都,13211,小平市,0,16,1,7,0,0
51310200,44116,20200226,05,東京都多摩小平保健所,1,13,東京都,13211,小平市,0,15,1,6.5,0,0
51310200,44116,20200226,06,東京都多摩小平保健所,1,13,東京都,13211,小平市,0,14,1,6.5,0,0
51310200,44116,20200226,07,東京都多摩小平保健所,1,13,東京都,13211,小平市,0,15,1,6.5,0,0
51310200,44116,20200226,08,東京都多摩小平保健所,1,13,東京都,13211,小平市,0,16,1,6.5,0,0
51310200,44116,20200226,09,東京都多摩小平保健所,1,13,東京都,13211,小平市,0,01,1,6.4,0,0
51310200,44116,20200226,10,東京都多摩小平保健所,1,13,東京都,13211,小平市,0,15,1,6.7,0,0
51310200,44116,20200226,11,東京都多摩小平保健所,1,13,東京都,13211,小平市,0,01,1,7,0,0
51310200,44116,20200226,12,東京都多摩小平保健所,1,13,東京都,13211,小平市,4,01,1,7.3,0,0
51310200,44116,20200226,13,東京都多摩小平保健所,1,13,東京都,13211,小平市,0,01,0,8,0,0
51310200,44116,20200226,14,東京都多摩小平保健所,1,13,東京都,13211,小平市,0,16,1,8.2,0,0
51310200,44116,20200226,15,東京都多摩小平保健所,1,13,東京都,13211,小平市,0,01,1,8.6,0,0
51310200,44116,20200226,16,東京都多摩小平保健所,1,13,東京都,13211,小平市,4,02,2,8.5,0,0
51310200,44116,20200226,17,東京都多摩小平保健所,1,13,東京都,13211,小平市,4,01,1,8.6,0,0
51310200,44116,20200226,18,東京都多摩小平保健所,1,13,東京都,13211,小平市,0,02,1,8.5,0,0
51310200,44116,20200226,19,東京都多摩小平保健所,1,13,東京都,13211,小平市,4,02,0,8.4,0,0
51310200,44116,20200226,20,東京都多摩小平保健所,1,13,東京都,13211,小平市,16,01,0,8.4,0,0
51310200,44116,20200226,21,東京都多摩小平保健所,1,13,東京都,13211,小平市,4,01,0,8.2,0,0
51310200,44116,20200226,22,東京都多摩小平保健所,1,13,東京都,13211,小平市,20,05,0,7.6,0,0
51310200,44116,20200226,23,東京都多摩小平保健所,1,13,東京都,13211,小平市,12,01,0,7.5,0,1
51310200,44116,20200226,24,東京都多摩小平保健所,1,13,東京都,13211,小平市,8,02,0,7.2,0,0
51310200,44116,20200227,01,東京都多摩小平保健所,1,13,東京都,13211,小平市,8,01,1,6.9,0,0
51310200,44116,20200227,02,東京都多摩小平保健所,1,13,東京都,13211,小平市,20,01,1,6.4,0,0
51310200,44116,20200227,03,東京都多摩小平保健所,1,13,東京都,13211,小平市,12,02,2,5.5,0,0
51310200,44116,20200227,04,東京都多摩小平保健所,1,13,東京都,13211,小平市,4,01,1,4.7,0,0
51310200,44116,20200227,05,東京都多摩小平保健所,1,13,東京都,13211,小平市,0,01,1,4.3,0,0
51310200,44116,20200227,06,東京都多摩小平保健所,1,13,東京都,13211,小平市,49,01,1,4.1,0,0
51310200,44116,20200227,07,東京都多摩小平保健所,1,13,東京都,13211,小平市,4,15,1,4.5,0,0
51310200,44116,20200227,08,東京都多摩小平保健所,1,13,東京都,13211,小平市,24,15,1,6.6,0,0
51310200,44116,20200227,09,東京都多摩小平保健所,1,13,東京都,13211,小平市,49,15,2,8.2,0,0
51310200,44116,20200227,10,東京都多摩小平保健所,1,13,東京都,13211,小平市,24,15,3,9,0,0
51310200,44116,20200227,11,東京都多摩小平保健所,1,13,東京都,13211,小平市,24,01,2,9.4,0,0
51310200,44116,20200227,12,東京都多摩小平保健所,1,13,東京都,13211,小平市,16,01,2,10.7,0,0
51310200,44116,20200227,13,東京都多摩小平保健所,1,13,東京都,13211,小平市,8,16,2,10.1,0,0
51310200,44116,20200227,14,東京都多摩小平保健所,1,13,東京都,13211,小平市,36,15,2,10.4,0,0
51310200,44116,20200227,15,東京都多摩小平保健所,1,13,東京都,13211,小平市,20,15,2,9.4,0,0
51310200,44116,20200227,16,東京都多摩小平保健所,1,13,東京都,13211,小平市,12,16,2,8.6,0,0
51310200,44116,20200227,17,東京都多摩小平保健所,1,13,東京都,13211,小平市,4,16,2,7.2,0,0
51310200,44116,20200227,18,東京都多摩小平保健所,1,13,東京都,13211,小平市,0,16,2,5.6,0,0
51310200,44116,20200227,19,東京都多摩小平保健所,1,13,東京都,13211,小平市,8,01,2,4.6,0,0
51310200,44116,20200227,20,東京都多摩小平保健所,1,13,東京都,13211,小平市,0,15,2,3.9,0,0
51310200,44116,20200227,21,東京都多摩小平保健所,1,13,東京都,13211,小平市,0,16,1,3.2,0,0
51310200,44116,20200227,22,東京都多摩小平保健所,1,13,東京都,13211,小平市,0,15,1,2.6,0,0
51310200,44116,20200227,23,東京都多摩小平保健所,1,13,東京都,13211,小平市,0,01,2,2.3,0,0
51310200,44116,20200227,24,東京都多摩小平保健所,1,13,東京都,13211,小平市,4,09,0,1.8,0,0
51310200,44116,20200228,01,東京都多摩小平保健所,1,13,東京都,13211,小平市,4,01,1,1.8,0,0
51310200,44116,20200228,02,東京都多摩小平保健所,1,13,東京都,13211,小平市,8,02,1,1.5,0,0
51310200,44116,20200228,03,東京都多摩小平保健所,1,13,東京都,13211,小平市,0,01,1,1.5,0,0
51310200,44116,20200228,04,東京都多摩小平保健所,1,13,東京都,13211,小平市,4,01,1,1.1,0,0
51310200,44116,20200228,05,東京都多摩小平保健所,1,13,東京都,13211,小平市,0,01,1,1.3,0,0
51310200,44116,20200228,06,東京都多摩小平保健所,1,13,東京都,13211,小平市,0,01,1,1.1,0,0
51310200,44116,20200228,07,東京都多摩小平保健所,1,13,東京都,13211,小平市,4,01,1,1.8,0,0
51310200,44116,20200228,08,東京都多摩小平保健所,1,13,東京都,13211,小平市,0,02,1,3.6,0,0
51310200,44116,20200228,09,東京都多摩小平保健所,1,13,東京都,13211,小平市,4,01,1,6.5,0,0
51310200,44116,20200228,10,東京都多摩小平保健所,1,13,東京都,13211,小平市,4,15,2,8.2,0,0
51310200,44116,20200228,11,東京都多摩小平保健所,1,13,東京都,13211,小平市,8,01,1,9.5,0,0
51310200,44116,20200228,12,東京都多摩小平保健所,1,13,東京都,13211,小平市,12,03,1,9.5,0,0
51310200,44116,20200228,13,東京都多摩小平保健所,1,13,東京都,13211,小平市,20,16,1,10.7,0,0
51310200,44116,20200228,14,東京都多摩小平保健所,1,13,東京都,13211,小平市,4,09,2,10.9,0,0
51310200,44116,20200228,15,東京都多摩小平保健所,1,13,東京都,13211,小平市,4,06,4,10.5,0,0
51310200,44116,20200228,16,東京都多摩小平保健所,1,13,東京都,13211,小平市,16,06,4,9.6,0,0
51310200,44116,20200228,17,東京都多摩小平保健所,1,13,東京都,13211,小平市,4,08,4,8.3,0,0
51310200,44116,20200228,18,東京都多摩小平保健所,1,13,東京都,13211,小平市,4,09,3,7.9,0,0
51310200,44116,20200228,19,東京都多摩小平保健所,1,13,東京都,13211,小平市,4,07,2,7.4,0,0
51310200,44116,20200228,20,東京都多摩小平保健所,1,13,東京都,13211,小平市,45,06,1,7.2,0,0
51310200,44116,20200228,21,東京都多摩小平保健所,1,13,東京都,13211,小平市,65,05,0,7.4,0,0
51310200,44116,20200228,22,東京都多摩小平保健所,1,13,東京都,13211,小平市,57,00,0,7,0,0
51310200,44116,20200228,23,東京都多摩小平保健所,1,13,東京都,13211,小平市,41,00,0,6.8,0,0
51310200,44116,20200228,24,東京都多摩小平保健所,1,13,東京都,13211,小平市,49,01,0,6.5,0,0
51310200,44116,20200229,01,東京都多摩小平保健所,1,13,東京都,13211,小平市,20,16,1,6.1,0,0
51310200,44116,20200229,02,東京都多摩小平保健所,1,13,東京都,13211,小平市,8,14,1,5.7,0,0
51310200,44116,20200229,03,東京都多摩小平保健所,1,13,東京都,13211,小平市,20,09,0,5,0,0
51310200,44116,20200229,04,東京都多摩小平保健所,1,13,東京都,13211,小平市,4,14,1,4.4,0,0
51310200,44116,20200229,05,東京都多摩小平保健所,1,13,東京都,13211,小平市,8,15,0,4.5,0,0
51310200,44116,20200229,06,東京都多摩小平保健所,1,13,東京都,13211,小平市,8,01,1,4.2,0,0
51310200,44116,20200229,07,東京都多摩小平保健所,1,13,東京都,13211,小平市,16,01,0,4.5,0,0
51310200,44116,20200229,08,東京都多摩小平保健所,1,13,東京都,13211,小平市,4,15,1,5.3,0,0
51310200,44116,20200229,09,東京都多摩小平保健所,1,13,東京都,13211,小平市,4,16,1,7.7,0,0
51310200,44116,20200229,10,東京都多摩小平保健所,1,13,東京都,13211,小平市,12,02,2,8.7,0,0
51310200,44116,20200229,11,東京都多摩小平保健所,1,13,東京都,13211,小平市,8,01,2,9.5,0,0
51310200,44116,20200229,12,東京都多摩小平保健所,1,13,東京都,13211,小平市,12,02,1,11,0,0
51310200,44116,20200229,13,東京都多摩小平保健所,1,13,東京都,13211,小平市,8,04,1,12,0,0
51310200,44116,20200229,14,東京都多摩小平保健所,1,13,東京都,13211,小平市,8,06,1,13,0,0
51310200,44116,20200229,15,東京都多摩小平保健所,1,13,東京都,13211,小平市,12,14,1,12.7,0,0
51310200,44116,20200229,16,東京都多摩小平保健所,1,13,東京都,13211,小平市,0,06,3,12.8,0,0
51310200,44116,20200229,17,東京都多摩小平保健所,1,13,東京都,13211,小平市,4,06,2,11.8,0,0
51310200,44116,20200229,18,東京都多摩小平保健所,1,13,東京都,13211,小平市,8,04,1,11.4,0,0
51310200,44116,20200229,19,東京都多摩小平保健所,1,13,東京都,13211,小平市,24,04,1,11.1,0,0
51310200,44116,20200229,20,東京都多摩小平保健所,1,13,東京都,13211,小平市,4,05,1,11.1,0,0
51310200,44116,20200229,21,東京都多摩小平保健所,1,13,東京都,13211,小平市,12,02,1,10.3,0,0
51310200,44116,20200229,22,東京都多摩小平保健所,1,13,東京都,13211,小平市,4,01,1,9.9,0,1
51310200,44116,20200229,23,東京都多摩小平保健所,1,13,東京都,13211,小平市,16,01,0,9.1,0,1
51310200,44116,20200229,24,東京都多摩小平保健所,1,13,東京都,13211,小平市,0,01,0,8.7,0,2
51310200,44116,20200301,01,東京都多摩小平保健所,1,13,東京都,13211,小平市,4,01,1,8.3,0,0
51310200,44116,20200301,02,東京都多摩小平保健所,1,13,東京都,13211,小平市,0,01,0,8,0,0
51310200,44116,20200301,03,東京都多摩小平保健所,1,13,東京都,13211,小平市,4,01,1,8.1,0,0
51310200,44116,20200301,04,東京都多摩小平保健所,1,13,東京都,13211,小平市,8,01,0,6.8,0,0
51310200,44116,20200301,05,東京都多摩小平保健所,1,13,東京都,13211,小平市,24,14,0,6.2,0,0
51310200,44116,20200301,06,東京都多摩小平保健所,1,13,東京都,13211,小平市,16,14,0,5.7,0,0
51310200,44116,20200301,07,東京都多摩小平保健所,1,13,東京都,13211,小平市,32,14,0,6.3,0,0
51310200,44116,20200301,08,東京都多摩小平保健所,1,13,東京都,13211,小平市,16,14,1,8.2,0,0
51310200,44116,20200301,09,東京都多摩小平保健所,1,13,東京都,13211,小平市,28,16,1,10.8,0,0
51310200,44116,20200301,10,東京都多摩小平保健所,1,13,東京都,13211,小平市,20,01,1,13.8,0,0
51310200,44116,20200301,11,東京都多摩小平保健所,1,13,東京都,13211,小平市,12,01,2,14.4,0,0
51310200,44116,20200301,12,東京都多摩小平保健所,1,13,東京都,13211,小平市,12,15,1,15.2,0,0
51310200,44116,20200301,13,東京都多摩小平保健所,1,13,東京都,13211,小平市,8,07,1,16.2,0,0
51310200,44116,20200301,14,東京都多摩小平保健所,1,13,東京都,13211,小平市,8,05,2,16.2,0,0
51310200,44116,20200301,15,東京都多摩小平保健所,1,13,東京都,13211,小平市,8,07,2,17.1,0,0
51310200,44116,20200301,16,東京都多摩小平保健所,1,13,東京都,13211,小平市,8,06,4,16.3,0,0
51310200,44116,20200301,17,東京都多摩小平保健所,1,13,東京都,13211,小平市,0,08,2,14.8,0,0
51310200,44116,20200301,18,東京都多摩小平保健所,1,13,東京都,13211,小平市,12,08,2,13.6,0,0
51310200,44116,20200301,19,東京都多摩小平保健所,1,13,東京都,13211,小平市,4,08,2,12.7,0,0
51310200,44116,20200301,20,東京都多摩小平保健所,1,13,東京都,13211,小平市,8,08,1,12,0,0
51310200,44116,20200301,21,東京都多摩小平保健所,1,13,東京都,13211,小平市,0,06,2,12.2,0,0
51310200,44116,20200301,22,東京都多摩小平保健所,1,13,東京都,13211,小平市,0,05,3,11.8,0,0
51310200,44116,20200301,23,東京都多摩小平保健所,1,13,東京都,13211,小平市,0,05,3,11.6,0,0
51310200,44116,20200301,24,東京都多摩小平保健所,1,13,東京都,13211,小平市,12,03,1,11.2,0,0
51310200,44116,20200302,01,東京都多摩小平保健所,1,13,東京都,13211,小平市,16,01,2,10.6,0,0
51310200,44116,20200302,02,東京都多摩小平保健所,1,13,東京都,13211,小平市,24,02,1,8.9,0,1
51310200,44116,20200302,03,東京都多摩小平保健所,1,13,東京都,13211,小平市,4,01,2,8.6,0,0
51310200,44116,20200302,04,東京都多摩小平保健所,1,13,東京都,13211,小平市,0,02,1,7.8,0,1
51310200,44116,20200302,05,東京都多摩小平保健所,1,13,東京都,13211,小平市,4,02,1,7.5,0,0
51310200,44116,20200302,06,東京都多摩小平保健所,1,13,東京都,13211,小平市,0,01,1,6.9,1,1
51310200,44116,20200302,07,東京都多摩小平保健所,1,13,東京都,13211,小平市,0,01,1,6.4,1,0
51310200,44116,20200302,08,東京都多摩小平保健所,1,13,東京都,13211,小平市,0,01,1,5.8,0,0
51310200,44116,20200302,09,東京都多摩小平保健所,1,13,東京都,13211,小平市,0,14,1,6.1,1,2
51310200,44116,20200302,10,東京都多摩小平保健所,1,13,東京都,13211,小平市,0,01,1,6.6,1,2
51310200,44116,20200302,11,東京都多摩小平保健所,1,13,東京都,13211,小平市,0,16,1,6,1,2
51310200,44116,20200302,12,東京都多摩小平保健所,1,13,東京都,13211,小平市,0,16,1,6.1,0,0
51310200,44116,20200302,13,東京都多摩小平保健所,1,13,東京都,13211,小平市,0,15,1,6.2,1,0
51310200,44116,20200302,14,東京都多摩小平保健所,1,13,東京都,13211,小平市,0,01,0,6.8,0,0
51310200,44116,20200302,15,東京都多摩小平保健所,1,13,東京都,13211,小平市,0,01,1,6.9,0,0
51310200,44116,20200302,16,東京都多摩小平保健所,1,13,東京都,13211,小平市,0,16,0,7.2,0,0
51310200,44116,20200302,17,東京都多摩小平保健所,1,13,東京都,13211,小平市,0,01,1,7.3,0,0
51310200,44116,20200302,18,東京都多摩小平保健所,1,13,東京都,13211,小平市,0,01,1,7.4,0,0
51310200,44116,20200302,19,東京都多摩小平保健所,1,13,東京都,13211,小平市,4,01,0,7.4,0,0
51310200,44116,20200302,20,東京都多摩小平保健所,1,13,東京都,13211,小平市,0,01,0,7.5,0,0
51310200,44116,20200302,21,東京都多摩小平保健所,1,13,東京都,13211,小平市,4,16,0,7.6,0,0
51310200,44116,20200302,22,東京都多摩小平保健所,1,13,東京都,13211,小平市,0,01,1,7.5,0,0
51310200,44116,20200302,23,東京都多摩小平保健所,1,13,東京都,13211,小平市,4,02,1,7,0,0
51310200,44116,20200302,24,東京都多摩小平保健所,1,13,東京都,13211,小平市,0,02,1,7,0,0
51310200,44116,20200303,01,東京都多摩小平保健所,1,13,東京都,13211,小平市,0,13,1,7,0,0
51310200,44116,20200303,02,東京都多摩小平保健所,1,13,東京都,13211,小平市,0,15,1,6.9,0,0
51310200,44116,20200303,03,東京都多摩小平保健所,1,13,東京都,13211,小平市,0,13,0,6,0,0
51310200,44116,20200303,04,東京都多摩小平保健所,1,13,東京都,13211,小平市,0,14,0,4.9,0,0
51310200,44116,20200303,05,東京都多摩小平保健所,1,13,東京都,13211,小平市,12,01,1,6,0,0
51310200,44116,20200303,06,東京都多摩小平保健所,1,13,東京都,13211,小平市,20,15,0,6.6,0,0
51310200,44116,20200303,07,東京都多摩小平保健所,1,13,東京都,13211,小平市,12,12,1,6,0,0
51310200,44116,20200303,08,東京都多摩小平保健所,1,13,東京都,13211,小平市,8,12,1,7.8,0,0
51310200,44116,20200303,09,東京都多摩小平保健所,1,13,東京都,13211,小平市,12,15,2,11,0,0
51310200,44116,20200303,10,東京都多摩小平保健所,1,13,東京都,13211,小平市,8,16,2,13,0,0
51310200,44116,20200303,11,東京都多摩小平保健所,1,13,東京都,13211,小平市,69,16,1,14.6,0,0
51310200,44116,20200303,12,東京都多摩小平保健所,1,13,東京都,13211,小平市,135,01,2,15.2,0,0
51310200,44116,20200303,13,東京都多摩小平保健所,1,13,東京都,13211,小平市,221,02,2,15.1,0,0
51310200,44116,20200303,14,東京都多摩小平保健所,1,13,東京都,13211,小平市,233,07,1,15.5,0,0
51310200,44116,20200303,15,東京都多摩小平保健所,1,13,東京都,13211,小平市,98,07,3,16.1,0,0
51310200,44116,20200303,16,東京都多摩小平保健所,1,13,東京都,13211,小平市,28,08,3,15.2,0,0
51310200,44116,20200303,17,東京都多摩小平保健所,1,13,東京都,13211,小平市,4,08,3,13.3,0,0
51310200,44116,20200303,18,東京都多摩小平保健所,1,13,東京都,13211,小平市,16,08,2,12.1,0,0
51310200,44116,20200303,19,東京都多摩小平保健所,1,13,東京都,13211,小平市,8,08,2,11.9,0,0
51310200,44116,20200303,20,東京都多摩小平保健所,1,13,東京都,13211,小平市,12,07,2,11.9,0,0
51310200,44116,20200303,21,東京都多摩小平保健所,1,13,東京都,13211,小平市,4,05,2,12.2,0,0
51310200,44116,20200303,22,東京都多摩小平保健所,1,13,東京都,13211,小平市,4,05,3,11.7,0,0
51310200,44116,20200303,23,東京都多摩小平保健所,1,13,東京都,13211,小平市,0,05,3,11.2,0,0
51310200,44116,20200303,24,東京都多摩小平保健所,1,13,東京都,13211,小平市,8,04,1,10.8,0,0
51310200,44116,20200304,01,東京都多摩小平保健所,1,13,東京都,13211,小平市,65,04,1,10.6,0,0
51310200,44116,20200304,02,東京都多摩小平保健所,1,13,東京都,13211,小平市,45,02,2,9.9,0,0
51310200,44116,20200304,03,東京都多摩小平保健所,1,13,東京都,13211,小平市,0,01,1,9.5,0,0
51310200,44116,20200304,04,東京都多摩小平保健所,1,13,東京都,13211,小平市,0,01,1,9.1,0,0
51310200,44116,20200304,05,東京都多摩小平保健所,1,13,東京都,13211,小平市,20,01,1,9,0,0
51310200,44116,20200304,06,東京都多摩小平保健所,1,13,東京都,13211,小平市,4,16,1,8.7,0,0
51310200,44116,20200304,07,東京都多摩小平保健所,1,13,東京都,13211,小平市,12,16,1,8.4,0,0
51310200,44116,20200304,08,東京都多摩小平保健所,1,13,東京都,13211,小平市,20,15,0,8.6,0,0
51310200,44116,20200304,09,東京都多摩小平保健所,1,13,東京都,13211,小平市,0,16,1,9.1,0,0
51310200,44116,20200304,10,東京都多摩小平保健所,1,13,東京都,13211,小平市,0,15,1,8.3,0,2
51310200,44116,20200304,11,東京都多摩小平保健所,1,13,東京都,13211,小平市,12,15,1,8.7,0,0
51310200,44116,20200304,12,東京都多摩小平保健所,1,13,東京都,13211,小平市,0,16,1,8.8,0,0
51310200,44116,20200304,13,東京都多摩小平保健所,1,13,東京都,13211,小平市,4,02,1,8.8,0,0
51310200,44116,20200304,14,東京都多摩小平保健所,1,13,東京都,13211,小平市,4,01,1,8.9,0,0
51310200,44116,20200304,15,東京都多摩小平保健所,1,13,東京都,13211,小平市,4,16,1,9,0,0
51310200,44116,20200304,16,東京都多摩小平保健所,1,13,東京都,13211,小平市,4,01,1,8.8,0,0
51310200,44116,20200304,17,東京都多摩小平保健所,1,13,東京都,13211,小平市,0,01,1,8.4,0,0
51310200,44116,20200304,18,東京都多摩小平保健所,1,13,東京都,13211,小平市,0,01,1,8.1,0,1
51310200,44116,20200304,19,東京都多摩小平保健所,1,13,東京都,13211,小平市,4,02,1,7.9,0,1
51310200,44116,20200304,20,東京都多摩小平保健所,1,13,東京都,13211,小平市,4,02,1,7.8,0,1
51310200,44116,20200304,21,東京都多摩小平保健所,1,13,東京都,13211,小平市,12,16,0,7.8,0,0
51310200,44116,20200304,22,東京都多摩小平保健所,1,13,東京都,13211,小平市,4,01,0,7.7,0,3
51310200,44116,20200304,23,東京都多摩小平保健所,1,13,東京都,13211,小平市,0,01,0,7.6,0,0
51310200,44116,20200304,24,東京都多摩小平保健所,1,13,東京都,13211,小平市,0,15,0,7.6,0,0
51310200,44116,20200305,01,東京都多摩小平保健所,1,13,東京都,13211,小平市,0,00,0,7.5,0,1
51310200,44116,20200305,02,東京都多摩小平保健所,1,13,東京都,13211,小平市,0,16,0,7.3,0,0
51310200,44116,20200305,03,東京都多摩小平保健所,1,13,東京都,13211,小平市,0,14,0,7.1,0,0
51310200,44116,20200305,04,東京都多摩小平保健所,1,13,東京都,13211,小平市,0,07,0,6,0,0
51310200,44116,20200305,05,東京都多摩小平保健所,1,13,東京都,13211,小平市,0,10,1,5.8,0,0
51310200,44116,20200305,06,東京都多摩小平保健所,1,13,東京都,13211,小平市,0,14,0,6.5,0,0
51310200,44116,20200305,07,東京都多摩小平保健所,1,13,東京都,13211,小平市,0,15,0,6.3,0,0
51310200,44116,20200305,08,東京都多摩小平保健所,1,13,東京都,13211,小平市,12,16,1,9.1,0,0
51310200,44116,20200305,09,東京都多摩小平保健所,1,13,東京都,13211,小平市,45,16,1,8.4,0,1
51310200,44116,20200305,10,東京都多摩小平保健所,1,13,東京都,13211,小平市,49,15,1,9.5,0,0
51310200,44116,20200305,11,東京都多摩小平保健所,1,13,東京都,13211,小平市,209,16,1,11.6,0,0
51310200,44116,20200305,12,東京都多摩小平保健所,1,13,東京都,13211,小平市,127,14,4,11.7,0,0
51310200,44116,20200305,13,東京都多摩小平保健所,1,13,東京都,13211,小平市,28,14,4,12.2,0,0
51310200,44116,20200305,14,東京都多摩小平保健所,1,13,東京都,13211,小平市,41,14,4,11.3,0,0
51310200,44116,20200305,15,東京都多摩小平保健所,1,13,東京都,13211,小平市,12,15,3,11.7,0,0
51310200,44116,20200305,16,東京都多摩小平保健所,1,13,東京都,13211,小平市,20,15,3,10.9,0,0
51310200,44116,20200305,17,東京都多摩小平保健所,1,13,東京都,13211,小平市,20,14,4,10.2,0,0
51310200,44116,20200305,18,東京都多摩小平保健所,1,13,東京都,13211,小平市,8,14,2,8.8,0,0
51310200,44116,20200305,19,東京都多摩小平保健所,1,13,東京都,13211,小平市,4,14,2,8,0,0
51310200,44116,20200305,20,東京都多摩小平保健所,1,13,東京都,13211,小平市,8,14,2,7.5,0,0
51310200,44116,20200305,21,東京都多摩小平保健所,1,13,東京都,13211,小平市,4,14,2,7.2,0,0
51310200,44116,20200305,22,東京都多摩小平保健所,1,13,東京都,13211,小平市,0,15,1,6.5,0,0
51310200,44116,20200305,23,東京都多摩小平保健所,1,13,東京都,13211,小平市,0,01,0,5.4,0,0
51310200,44116,20200305,24,東京都多摩小平保健所,1,13,東京都,13211,小平市,0,12,0,4.5,0,0
51310200,44116,20200306,01,東京都多摩小平保健所,1,13,東京都,13211,小平市,4,15,0,3.6,0,0
51310200,44116,20200306,02,東京都多摩小平保健所,1,13,東京都,13211,小平市,0,15,1,4.5,0,0
51310200,44116,20200306,03,東京都多摩小平保健所,1,13,東京都,13211,小平市,0,15,2,5,0,0
51310200,44116,20200306,04,東京都多摩小平保健所,1,13,東京都,13211,小平市,0,11,0,2.9,0,0
51310200,44116,20200306,05,東京都多摩小平保健所,1,13,東京都,13211,小平市,4,08,0,1.7,0,0
51310200,44116,20200306,06,東京都多摩小平保健所,1,13,東京都,13211,小平市,0,12,1,2.4,0,0
51310200,44116,20200306,07,東京都多摩小平保健所,1,13,東京都,13211,小平市,8,13,1,4.2,0,0
51310200,44116,20200306,08,東京都多摩小平保健所,1,13,東京都,13211,小平市,12,15,2,8.1,0,0
51310200,44116,20200306,09,東京都多摩小平保健所,1,13,東京都,13211,小平市,0,16,1,9.1,0,0
51310200,44116,20200306,10,東京都多摩小平保健所,1,13,東京都,13211,小平市,0,16,1,10.8,0,0
51310200,44116,20200306,11,東京都多摩小平保健所,1,13,東京都,13211,小平市,4,16,1,12,0,0
51310200,44116,20200306,12,東京都多摩小平保健所,1,13,東京都,13211,小平市,8,16,2,11.9,0,0
51310200,44116,20200306,13,東京都多摩小平保健所,1,13,東京都,13211,小平市,4,07,1,13.3,0,0
51310200,44116,20200306,14,東京都多摩小平保健所,1,13,東京都,13211,小平市,12,03,2,13.6,0,0
51310200,44116,20200306,15,東京都多摩小平保健所,1,13,東京都,13211,小平市,8,16,1,13.6,0,0
51310200,44116,20200306,16,東京都多摩小平保健所,1,13,東京都,13211,小平市,24,01,2,13,0,0
51310200,44116,20200306,17,東京都多摩小平保健所,1,13,東京都,13211,小平市,24,01,1,11.8,0,0
51310200,44116,20200306,18,東京都多摩小平保健所,1,13,東京都,13211,小平市,24,01,1,10.1,0,0
51310200,44116,20200306,19,東京都多摩小平保健所,1,13,東京都,13211,小平市,4,01,1,8.6,0,0
51310200,44116,20200306,20,東京都多摩小平保健所,1,13,東京都,13211,小平市,16,02,0,7.4,0,0
51310200,44116,20200306,21,東京都多摩小平保健所,1,13,東京都,13211,小平市,0,01,1,6.6,0,0
51310200,44116,20200306,22,東京都多摩小平保健所,1,13,東京都,13211,小平市,8,01,1,6.5,0,0
51310200,44116,20200306,23,東京都多摩小平保健所,1,13,東京都,13211,小平市,0,03,1,6,0,0
51310200,44116,20200306,24,東京都多摩小平保健所,1,13,東京都,13211,小平市,12,02,1,5.9,0,0
51310200,44116,20200307,01,東京都多摩小平保健所,1,13,東京都,13211,小平市,4,02,1,5.9,0,0
51310200,44116,20200307,02,東京都多摩小平保健所,1,13,東京都,13211,小平市,0,14,1,6,0,0
51310200,44116,20200307,03,東京都多摩小平保健所,1,13,東京都,13211,小平市,4,16,0,5.7,0,0
51310200,44116,20200307,04,東京都多摩小平保健所,1,13,東京都,13211,小平市,0,01,1,5.6,0,0
51310200,44116,20200307,05,東京都多摩小平保健所,1,13,東京都,13211,小平市,4,01,1,5.5,0,0
51310200,44116,20200307,06,東京都多摩小平保健所,1,13,東京都,13211,小平市,12,15,0,5.3,0,0
51310200,44116,20200307,07,東京都多摩小平保健所,1,13,東京都,13211,小平市,8,15,0,5.1,0,0
51310200,44116,20200307,08,東京都多摩小平保健所,1,13,東京都,13211,小平市,0,02,1,5.6,0,0
51310200,44116,20200307,09,東京都多摩小平保健所,1,13,東京都,13211,小平市,8,02,1,6.2,0,0
51310200,44116,20200307,10,東京都多摩小平保健所,1,13,東京都,13211,小平市,8,01,1,6.6,0,0
51310200,44116,20200307,11,東京都多摩小平保健所,1,13,東京都,13211,小平市,4,03,1,7.6,0,0
51310200,44116,20200307,12,東京都多摩小平保健所,1,13,東京都,13211,小平市,0,04,1,7.9,0,0
51310200,44116,20200307,13,東京都多摩小平保健所,1,13,東京都,13211,小平市,4,03,1,8.7,0,0
51310200,44116,20200307,14,東京都多摩小平保健所,1,13,東京都,13211,小平市,4,04,2,9.1,0,0
51310200,44116,20200307,15,東京都多摩小平保健所,1,13,東京都,13211,小平市,0,04,2,9.9,0,0
51310200,44116,20200307,16,東京都多摩小平保健所,1,13,東京都,13211,小平市,0,03,1,9.9,0,0
51310200,44116,20200307,17,東京都多摩小平保健所,1,13,東京都,13211,小平市,0,03,2,9.5,0,0
51310200,44116,20200307,18,東京都多摩小平保健所,1,13,東京都,13211,小平市,0,03,1,8.6,0,0
51310200,44116,20200307,19,東京都多摩小平保健所,1,13,東京都,13211,小平市,0,03,1,8.3,0,0
51310200,44116,20200307,20,東京都多摩小平保健所,1,13,東京都,13211,小平市,0,02,1,7.8,0,0
51310200,44116,20200307,21,東京都多摩小平保健所,1,13,東京都,13211,小平市,0,03,2,7.4,0,0
51310200,44116,20200307,22,東京都多摩小平保健所,1,13,東京都,13211,小平市,0,02,2,6,0,1
51310200,44116,20200307,23,東京都多摩小平保健所,1,13,東京都,13211,小平市,0,01,1,5.7,1,1
51310200,44116,20200307,24,東京都多摩小平保健所,1,13,東京都,13211,小平市,0,15,1,5.7,0,0
51310200,44116,20200308,01,東京都多摩小平保健所,1,13,東京都,13211,小平市,0,01,0,5.5,1,0
51310200,44116,20200308,02,東京都多摩小平保健所,1,13,東京都,13211,小平市,0,16,1,5.5,0,0
51310200,44116,20200308,03,東京都多摩小平保健所,1,13,東京都,13211,小平市,0,16,1,5.1,0,0
51310200,44116,20200308,04,東京都多摩小平保健所,1,13,東京都,13211,小平市,0,01,1,5.1,0,0
51310200,44116,20200308,05,東京都多摩小平保健所,1,13,東京都,13211,小平市,0,01,1,5.2,0,0
51310200,44116,20200308,06,東京都多摩小平保健所,1,13,東京都,13211,小平市,0,01,1,5.3,0,0
51310200,44116,20200308,07,東京都多摩小平保健所,1,13,東京都,13211,小平市,0,01,0,5.5,0,1
51310200,44116,20200308,08,東京都多摩小平保健所,1,13,東京都,13211,小平市,0,16,0,5.4,1,1
51310200,44116,20200308,09,東京都多摩小平保健所,1,13,東京都,13211,小平市,0,15,0,5.5,1,2
51310200,44116,20200308,10,東京都多摩小平保健所,1,13,東京都,13211,小平市,0,00,0,6,1,1
51310200,44116,20200308,11,東京都多摩小平保健所,1,13,東京都,13211,小平市,0,15,1,6.2,0,0
51310200,44116,20200308,12,東京都多摩小平保健所,1,13,東京都,13211,小平市,0,01,0,7.2,0,0
51310200,44116,20200308,13,東京都多摩小平保健所,1,13,東京都,13211,小平市,0,01,1,7.9,0,0
51310200,44116,20200308,14,東京都多摩小平保健所,1,13,東京都,13211,小平市,0,01,1,8,0,0
51310200,44116,20200308,15,東京都多摩小平保健所,1,13,東京都,13211,小平市,0,01,1,8.1,0,0
51310200,44116,20200308,16,東京都多摩小平保健所,1,13,東京都,13211,小平市,0,16,1,8.1,0,1
51310200,44116,20200308,17,東京都多摩小平保健所,1,13,東京都,13211,小平市,0,15,1,8,0,0
51310200,44116,20200308,18,東京都多摩小平保健所,1,13,東京都,13211,小平市,0,16,0,8.1,0,0
51310200,44116,20200308,19,東京都多摩小平保健所,1,13,東京都,13211,小平市,4,16,1,8.3,0,0
51310200,44116,20200308,20,東京都多摩小平保健所,1,13,東京都,13211,小平市,0,01,1,8.5,0,0
51310200,44116,20200308,21,東京都多摩小平保健所,1,13,東京都,13211,小平市,0,01,0,8.2,0,0
51310200,44116,20200308,22,東京都多摩小平保健所,1,13,東京都,13211,小平市,4,01,2,7.6,0,0
51310200,44116,20200308,23,東京都多摩小平保健所,1,13,東京都,13211,小平市,0,01,1,7.2,0,0
51310200,44116,20200308,24,東京都多摩小平保健所,1,13,東京都,13211,小平市,0,14,0,7.3,0,0
51310200,44116,20200309,01,東京都多摩小平保健所,1,13,東京都,13211,小平市,0,14,1,7.6,0,0
51310200,44116,20200309,02,東京都多摩小平保健所,1,13,東京都,13211,小平市,0,14,1,8.4,0,0
51310200,44116,20200309,03,東京都多摩小平保健所,1,13,東京都,13211,小平市,0,14,0,7.8,0,0
51310200,44116,20200309,04,東京都多摩小平保健所,1,13,東京都,13211,小平市,0,16,1,6.5,0,0
51310200,44116,20200309,05,東京都多摩小平保健所,1,13,東京都,13211,小平市,4,01,1,6.1,0,0
51310200,44116,20200309,06,東京都多摩小平保健所,1,13,東京都,13211,小平市,0,16,0,5.7,0,0
51310200,44116,20200309,07,東京都多摩小平保健所,1,13,東京都,13211,小平市,0,16,1,7.7,0,0
51310200,44116,20200309,08,東京都多摩小平保健所,1,13,東京都,13211,小平市,4,01,1,8.6,0,0
51310200,44116,20200309,09,東京都多摩小平保健所,1,13,東京都,13211,小平市,4,01,1,11.1,0,0
51310200,44116,20200309,10,東京都多摩小平保健所,1,13,東京都,13211,小平市,4,02,3,13.5,0,0
51310200,44116,20200309,11,東京都多摩小平保健所,1,13,東京都,13211,小平市,4,01,2,15.5,0,0
51310200,44116,20200309,12,東京都多摩小平保健所,1,13,東京都,13211,小平市,0,01,2,16.9,0,0
51310200,44116,20200309,13,東京都多摩小平保健所,1,13,東京都,13211,小平市,0,16,2,18.2,0,0
51310200,44116,20200309,14,東京都多摩小平保健所,1,13,東京都,13211,小平市,0,01,2,18.9,0,0
51310200,44116,20200309,15,東京都多摩小平保健所,1,13,東京都,13211,小平市,0,01,1,19.8,0,0
51310200,44116,20200309,16,東京都多摩小平保健所,1,13,東京都,13211,小平市,0,02,2,18.5,0,0
51310200,44116,20200309,17,東京都多摩小平保健所,1,13,東京都,13211,小平市,4,03,1,18.2,0,0
51310200,44116,20200309,18,東京都多摩小平保健所,1,13,東京都,13211,小平市,16,02,1,17.4,0,0
51310200,44116,20200309,19,東京都多摩小平保健所,1,13,東京都,13211,小平市,16,02,1,16.6,0,0
51310200,44116,20200309,20,東京都多摩小平保健所,1,13,東京都,13211,小平市,8,01,1,16.2,0,0
51310200,44116,20200309,21,東京都多摩小平保健所,1,13,東京都,13211,小平市,4,03,1,15.4,0,0
51310200,44116,20200309,22,東京都多摩小平保健所,1,13,東京都,13211,小平市,0,16,0,14.2,0,0
51310200,44116,20200309,23,東京都多摩小平保健所,1,13,東京都,13211,小平市,4,02,1,14.1,0,0
51310200,44116,20200309,24,東京都多摩小平保健所,1,13,東京都,13211,小平市,0,15,1,13.9,0,0
51310200,44116,20200310,01,東京都多摩小平保健所,1,13,東京都,13211,小平市,0,14,1,13.2,0,0
51310200,44116,20200310,02,東京都多摩小平保健所,1,13,東京都,13211,小平市,0,02,1,13.1,0,0
51310200,44116,20200310,03,東京都多摩小平保健所,1,13,東京都,13211,小平市,0,16,0,12.8,0,0
51310200,44116,20200310,04,東京都多摩小平保健所,1,13,東京都,13211,小平市,0,01,0,12.7,0,0
51310200,44116,20200310,05,東京都多摩小平保健所,1,13,東京都,13211,小平市,0,16,0,12.7,0,0
51310200,44116,20200310,06,東京都多摩小平保健所,1,13,東京都,13211,小平市,0,14,0,12.8,0,0
51310200,44116,20200310,07,東京都多摩小平保健所,1,13,東京都,13211,小平市,0,13,0,13,0,0
51310200,44116,20200310,08,東京都多摩小平保健所,1,13,東京都,13211,小平市,0,14,1,13.1,0,0
51310200,44116,20200310,09,東京都多摩小平保健所,1,13,東京都,13211,小平市,0,14,1,13.3,0,0
51310200,44116,20200310,10,東京都多摩小平保健所,1,13,東京都,13211,小平市,0,02,0,13.7,0,0
51310200,44116,20200310,11,東京都多摩小平保健所,1,13,東京都,13211,小平市,0,14,0,13.6,1,0
51310200,44116,20200310,12,東京都多摩小平保健所,1,13,東京都,13211,小平市,0,12,0,13.8,1,0
51310200,44116,20200310,13,東京都多摩小平保健所,1,13,東京都,13211,小平市,0,08,1,14.4,0,1
51310200,44116,20200310,14,東京都多摩小平保健所,1,13,東京都,13211,小平市,0,06,1,14.5,2,2
51310200,44116,20200310,15,東京都多摩小平保健所,1,13,東京都,13211,小平市,0,07,2,15.2,1,0
51310200,44116,20200310,16,東京都多摩小平保健所,1,13,東京都,13211,小平市,0,08,4,15.5,1,0
51310200,44116,20200310,17,東京都多摩小平保健所,1,13,東京都,13211,小平市,0,07,2,14.8,2,5
51310200,44116,20200310,18,東京都多摩小平保健所,1,13,東京都,13211,小平市,0,05,2,14.6,5,2
51310200,44116,20200310,19,東京都多摩小平保健所,1,13,東京都,13211,小平市,0,13,1,14.4,3,0
51310200,44116,20200310,20,東京都多摩小平保健所,1,13,東京都,13211,小平市,0,10,1,13.9,0,0
51310200,44116,20200310,21,東京都多摩小平保健所,1,13,東京都,13211,小平市,0,11,1,13.8,0,0
51310200,44116,20200310,22,東京都多摩小平保健所,1,13,東京都,13211,小平市,0,13,1,13.6,0,0
51310200,44116,20200310,23,東京都多摩小平保健所,1,13,東京都,13211,小平市,0,14,1,13.6,0,0
51310200,44116,20200310,24,東京都多摩小平保健所,1,13,東京都,13211,小平市,0,14,0,13.2,0,0
51310200,44116,20200311,01,東京都多摩小平保健所,1,13,東京都,13211,小平市,0,01,0,12.6,0,0
51310200,44116,20200311,02,東京都多摩小平保健所,1,13,東京都,13211,小平市,0,13,0,11.3,0,0
51310200,44116,20200311,03,東京都多摩小平保健所,1,13,東京都,13211,小平市,0,12,1,11.4,0,0
51310200,44116,20200311,04,東京都多摩小平保健所,1,13,東京都,13211,小平市,0,12,0,11.4,0,0
51310200,44116,20200311,05,東京都多摩小平保健所,1,13,東京都,13211,小平市,0,13,1,11.1,0,0
51310200,44116,20200311,06,東京都多摩小平保健所,1,13,東京都,13211,小平市,0,16,0,10.1,0,0
51310200,44116,20200311,07,東京都多摩小平保健所,1,13,東京都,13211,小平市,20,15,2,11.9,0,0
51310200,44116,20200311,08,東京都多摩小平保健所,1,13,東京都,13211,小平市,32,01,1,14,0,0
51310200,44116,20200311,09,東京都多摩小平保健所,1,13,東京都,13211,小平市,69,16,1,15.7,0,0
51310200,44116,20200311,10,東京都多摩小平保健所,1,13,東京都,13211,小平市,20,01,2,16.8,0,0
51310200,44116,20200311,11,東京都多摩小平保健所,1,13,東京都,13211,小平市,49,01,1,17.8,0,0
51310200,44116,20200311,12,東京都多摩小平保健所,1,13,東京都,13211,小平市,28,15,1,18.1,0,0
51310200,44116,20200311,13,東京都多摩小平保健所,1,13,東京都,13211,小平市,213,07,1,19.1,0,0
51310200,44116,20200311,14,東京都多摩小平保健所,1,13,東京都,13211,小平市,131,05,2,19.5,0,0
51310200,44116,20200311,15,東京都多摩小平保健所,1,13,東京都,13211,小平市,49,03,1,16.8,0,0
51310200,44116,20200311,16,東京都多摩小平保健所,1,13,東京都,13211,小平市,12,03,2,17,0,0
51310200,44116,20200311,17,東京都多摩小平保健所,1,13,東京都,13211,小平市,8,04,1,16.8,0,0
51310200,44116,20200311,18,東京都多摩小平保健所,1,13,東京都,13211,小平市,28,01,1,14.8,0,0
51310200,44116,20200311,19,東京都多摩小平保健所,1,13,東京都,13211,小平市,32,16,1,14.2,0,0
51310200,44116,20200311,20,東京都多摩小平保健所,1,13,東京都,13211,小平市,12,01,2,12.4,0,0
51310200,44116,20200311,21,東京都多摩小平保健所,1,13,東京都,13211,小平市,4,01,2,11.2,0,0
51310200,44116,20200311,22,東京都多摩小平保健所,1,13,東京都,13211,小平市,4,16,2,9.9,0,0
51310200,44116,20200311,23,東京都多摩小平保健所,1,13,東京都,13211,小平市,4,16,1,8.9,0,0
51310200,44116,20200311,24,東京都多摩小平保健所,1,13,東京都,13211,小平市,0,16,2,8.1,0,0
51310200,44116,20200312,01,東京都多摩小平保健所,1,13,東京都,13211,小平市,0,16,2,7.7,0,0
51310200,44116,20200312,02,東京都多摩小平保健所,1,13,東京都,13211,小平市,0,16,1,7,0,0
51310200,44116,20200312,03,東京都多摩小平保健所,1,13,東京都,13211,小平市,4,16,1,6.7,0,0
51310200,44116,20200312,04,東京都多摩小平保健所,1,13,東京都,13211,小平市,16,15,1,6.6,0,0
51310200,44116,20200312,05,東京都多摩小平保健所,1,13,東京都,13211,小平市,4,16,1,6.1,0,0
51310200,44116,20200312,06,東京都多摩小平保健所,1,13,東京都,13211,小平市,0,15,2,6.1,0,0
51310200,44116,20200312,07,東京都多摩小平保健所,1,13,東京都,13211,小平市,4,15,1,6.8,0,0
51310200,44116,20200312,08,東京都多摩小平保健所,1,13,東京都,13211,小平市,0,16,1,9.3,0,0
51310200,44116,20200312,09,東京都多摩小平保健所,1,13,東京都,13211,小平市,8,16,2,10.6,0,0
51310200,44116,20200312,10,東京都多摩小平保健所,1,13,東京都,13211,小平市,8,01,2,12.5,0,0
51310200,44116,20200312,11,東京都多摩小平保健所,1,13,東京都,13211,小平市,0,01,2,13.3,0,0
51310200,44116,20200312,12,東京都多摩小平保健所,1,13,東京都,13211,小平市,12,03,2,13.4,0,0
51310200,44116,20200312,13,東京都多摩小平保健所,1,13,東京都,13211,小平市,8,05,2,14,0,0
51310200,44116,20200312,14,東京都多摩小平保健所,1,13,東京都,13211,小平市,16,06,3,14.9,0,0
51310200,44116,20200312,15,東京都多摩小平保健所,1,13,東京都,13211,小平市,0,07,4,14.8,0,0
51310200,44116,20200312,16,東京都多摩小平保健所,1,13,東京都,13211,小平市,12,07,5,13.5,0,0
51310200,44116,20200312,17,東京都多摩小平保健所,1,13,東京都,13211,小平市,4,08,4,13,0,0
51310200,44116,20200312,18,東京都多摩小平保健所,1,13,東京都,13211,小平市,0,08,3,12,0,0
51310200,44116,20200312,19,東京都多摩小平保健所,1,13,東京都,13211,小平市,0,07,2,11.3,0,0
51310200,44116,20200312,20,東京都多摩小平保健所,1,13,東京都,13211,小平市,4,05,1,11.2,0,0
51310200,44116,20200312,21,東京都多摩小平保健所,1,13,東京都,13211,小平市,4,06,0,10.5,0,0
51310200,44116,20200312,22,東京都多摩小平保健所,1,13,東京都,13211,小平市,4,05,1,10.3,0,0
51310200,44116,20200312,23,東京都多摩小平保健所,1,13,東京都,13211,小平市,0,06,1,9.1,0,0
51310200,44116,20200312,24,東京都多摩小平保健所,1,13,東京都,13211,小平市,0,01,0,8.7,0,0
51310200,44116,20200313,01,東京都多摩小平保健所,1,13,東京都,13211,小平市,4,13,1,8.8,0,0
51310200,44116,20200313,02,東京都多摩小平保健所,1,13,東京都,13211,小平市,0,15,1,7.6,0,0
51310200,44116,20200313,03,東京都多摩小平保健所,1,13,東京都,13211,小平市,0,01,1,7.7,0,0
51310200,44116,20200313,04,東京都多摩小平保健所,1,13,東京都,13211,小平市,16,14,0,6.7,0,0
51310200,44116,20200313,05,東京都多摩小平保健所,1,13,東京都,13211,小平市,20,12,1,6.6,0,0
51310200,44116,20200313,06,東京都多摩小平保健所,1,13,東京都,13211,小平市,20,12,1,6.1,0,0
51310200,44116,20200313,07,東京都多摩小平保健所,1,13,東京都,13211,小平市,4,13,1,6.8,0,0
51310200,44116,20200313,08,東京都多摩小平保健所,1,13,東京都,13211,小平市,16,11,0,9.1,0,0
51310200,44116,20200313,09,東京都多摩小平保健所,1,13,東京都,13211,小平市,20,08,0,10.3,0,0
51310200,44116,20200313,10,東京都多摩小平保健所,1,13,東京都,13211,小平市,4,06,1,12.2,0,0
51310200,44116,20200313,11,東京都多摩小平保健所,1,13,東京都,13211,小平市,16,09,2,13.9,0,0
51310200,44116,20200313,12,東京都多摩小平保健所,1,13,東京都,13211,小平市,12,07,3,16,0,0
51310200,44116,20200313,13,東京都多摩小平保健所,1,13,東京都,13211,小平市,0,08,4,17,0,0
51310200,44116,20200313,14,東京都多摩小平保健所,1,13,東京都,13211,小平市,12,06,1,16.8,0,0
51310200,44116,20200313,15,東京都多摩小平保健所,1,13,東京都,13211,小平市,28,05,1,17,0,0
51310200,44116,20200313,16,東京都多摩小平保健所,1,13,東京都,13211,小平市,28,07,3,17.2,0,0
51310200,44116,20200313,17,東京都多摩小平保健所,1,13,東京都,13211,小平市,45,06,3,16.6,0,0
51310200,44116,20200313,18,東京都多摩小平保健所,1,13,東京都,13211,小平市,102,14,0,15,0,0
51310200,44116,20200313,19,東京都多摩小平保健所,1,13,東京都,13211,小平市,102,13,0,14.6,0,0
51310200,44116,20200313,20,東京都多摩小平保健所,1,13,東京都,13211,小平市,69,13,0,13.4,0,0
51310200,44116,20200313,21,東京都多摩小平保健所,1,13,東京都,13211,小平市,4,13,1,12.4,0,0
51310200,44116,20200313,22,東京都多摩小平保健所,1,13,東京都,13211,小平市,8,14,1,11.9,0,0
51310200,44116,20200313,23,東京都多摩小平保健所,1,13,東京都,13211,小平市,28,12,0,10.9,0,0
51310200,44116,20200313,24,東京都多摩小平保健所,1,13,東京都,13211,小平市,20,12,0,9.8,0,0
51310200,44116,20200314,01,東京都多摩小平保健所,1,13,東京都,13211,小平市,45,06,0,9.2,0,0
51310200,44116,20200314,02,東京都多摩小平保健所,1,13,東京都,13211,小平市,12,02,1,8.8,0,0
51310200,44116,20200314,03,東京都多摩小平保健所,1,13,東京都,13211,小平市,12,02,2,9.5,0,0
51310200,44116,20200314,04,東京都多摩小平保健所,1,13,東京都,13211,小平市,0,03,2,8.9,0,0
51310200,44116,20200314,05,東京都多摩小平保健所,1,13,東京都,13211,小平市,0,04,1,8.4,0,0
51310200,44116,20200314,06,東京都多摩小平保健所,1,13,東京都,13211,小平市,0,02,1,8.5,0,0
51310200,44116,20200314,07,東京都多摩小平保健所,1,13,東京都,13211,小平市,0,03,1,8.2,0,0
51310200,44116,20200314,08,東京都多摩小平保健所,1,13,東京都,13211,小平市,0,03,1,8,0,1
51310200,44116,20200314,09,東京都多摩小平保健所,1,13,東京都,13211,小平市,0,02,1,6.9,1,1
51310200,44116,20200314,10,東京都多摩小平保健所,1,13,東京都,13211,小平市,0,01,2,5.8,2,3
51310200,44116,20200314,11,東京都多摩小平保健所,1,13,東京都,13211,小平市,0,16,0,5.4,2,3
51310200,44116,20200314,12,東京都多摩小平保健所,1,13,東京都,13211,小平市,0,02,2,4.4,2,3
51310200,44116,20200314,13,東京都多摩小平保健所,1,13,東京都,13211,小平市,0,02,2,3.2,2,2
51310200,44116,20200314,14,東京都多摩小平保健所,1,13,東京都,13211,小平市,0,14,1,2.5,2,4
51310200,44116,20200314,15,東京都多摩小平保健所,1,13,東京都,13211,小平市,8,01,1,1.3,2,1
51310200,44116,20200314,16,東京都多摩小平保健所,1,13,東京都,13211,小平市,0,14,1,1.2,1,3
51310200,44116,20200314,17,東京都多摩小平保健所,1,13,東京都,13211,小平市,61,14,1,.9,2,1
51310200,44116,20200314,18,東京都多摩小平保健所,1,13,東京都,13211,小平市,0,15,1,1.8,1,0
51310200,44116,20200314,19,東京都多摩小平保健所,1,13,東京都,13211,小平市,0,15,1,2.7,0,0
51310200,44116,20200314,20,東京都多摩小平保健所,1,13,東京都,13211,小平市,0,16,1,3,0,1
51310200,44116,20200314,21,東京都多摩小平保健所,1,13,東京都,13211,小平市,0,14,1,3.1,0,0
51310200,44116,20200314,22,東京都多摩小平保健所,1,13,東京都,13211,小平市,0,15,1,3.1,0,0
51310200,44116,20200314,23,東京都多摩小平保健所,1,13,東京都,13211,小平市,0,15,1,2.9,0,0
51310200,44116,20200314,24,東京都多摩小平保健所,1,13,東京都,13211,小平市,0,10,0,2,0,0
51310200,44116,20200315,01,東京都多摩小平保健所,1,13,東京都,13211,小平市,0,12,0,.7,0,0
51310200,44116,20200315,02,東京都多摩小平保健所,1,13,東京都,13211,小平市,0,12,1,2.3,0,0
51310200,44116,20200315,03,東京都多摩小平保健所,1,13,東京都,13211,小平市,0,03,0,1.8,0,0
51310200,44116,20200315,04,東京都多摩小平保健所,1,13,東京都,13211,小平市,0,15,0,1.7,0,0
51310200,44116,20200315,05,東京都多摩小平保健所,1,13,東京都,13211,小平市,0,00,0,.7,0,0
51310200,44116,20200315,06,東京都多摩小平保健所,1,13,東京都,13211,小平市,0,14,0,1,0,0
51310200,44116,20200315,07,東京都多摩小平保健所,1,13,東京都,13211,小平市,0,15,0,2.6,0,0
51310200,44116,20200315,08,東京都多摩小平保健所,1,13,東京都,13211,小平市,0,15,1,5.2,0,0
51310200,44116,20200315,09,東京都多摩小平保健所,1,13,東京都,13211,小平市,0,01,1,7,0,0
51310200,44116,20200315,10,東京都多摩小平保健所,1,13,東京都,13211,小平市,0,16,1,7.8,0,0
51310200,44116,20200315,11,東京都多摩小平保健所,1,13,東京都,13211,小平市,4,02,1,8.4,0,0
51310200,44116,20200315,12,東京都多摩小平保健所,1,13,東京都,13211,小平市,8,06,2,8,0,0
51310200,44116,20200315,13,東京都多摩小平保健所,1,13,東京都,13211,小平市,16,06,1,9,0,0
51310200,44116,20200315,14,東京都多摩小平保健所,1,13,東京都,13211,小平市,0,07,2,10.8,0,0
51310200,44116,20200315,15,東京都多摩小平保健所,1,13,東京都,13211,小平市,4,09,3,11.6,0,0
51310200,44116,20200315,16,東京都多摩小平保健所,1,13,東京都,13211,小平市,4,08,4,10.1,0,0
51310200,44116,20200315,17,東京都多摩小平保健所,1,13,東京都,13211,小平市,8,08,3,9.3,0,0
51310200,44116,20200315,18,東京都多摩小平保健所,1,13,東京都,13211,小平市,0,08,1,8.4,0,0
51310200,44116,20200315,19,東京都多摩小平保健所,1,13,東京都,13211,小平市,28,06,0,8.1,0,0
51310200,44116,20200315,20,東京都多摩小平保健所,1,13,東京都,13211,小平市,28,13,0,7,0,0
51310200,44116,20200315,21,東京都多摩小平保健所,1,13,東京都,13211,小平市,8,12,1,6.7,0,0
51310200,44116,20200315,22,東京都多摩小平保健所,1,13,東京都,13211,小平市,0,12,0,5.9,0,0
51310200,44116,20200315,23,東京都多摩小平保健所,1,13,東京都,13211,小平市,0,12,1,5.2,0,0
51310200,44116,20200315,24,東京都多摩小平保健所,1,13,東京都,13211,小平市,0,13,0,4.6,0,0
51310200,44116,20200316,01,東京都多摩小平保健所,1,13,東京都,13211,小平市,8,00,0,3.8,0,0
51310200,44116,20200316,02,東京都多摩小平保健所,1,13,東京都,13211,小平市,4,12,0,4,0,0
51310200,44116,20200316,03,東京都多摩小平保健所,1,13,東京都,13211,小平市,4,12,0,3.4,0,0
51310200,44116,20200316,04,東京都多摩小平保健所,1,13,東京都,13211,小平市,8,12,1,3.1,0,0
51310200,44116,20200316,05,東京都多摩小平保健所,1,13,東京都,13211,小平市,16,12,0,1.9,0,0
51310200,44116,20200316,06,東京都多摩小平保健所,1,13,東京都,13211,小平市,8,15,0,1.7,0,0
51310200,44116,20200316,07,東京都多摩小平保健所,1,13,東京都,13211,小平市,4,15,1,3.7,0,0
51310200,44116,20200316,08,東京都多摩小平保健所,1,13,東京都,13211,小平市,12,14,1,5.6,0,0
51310200,44116,20200316,09,東京都多摩小平保健所,1,13,東京都,13211,小平市,0,15,1,8.1,0,0
51310200,44116,20200316,10,東京都多摩小平保健所,1,13,東京都,13211,小平市,12,02,2,9.7,0,0
51310200,,20200316,11,東京都多摩小平保健所,1,13,東京都,13211,小平市,4,,,,,0
51310200,,20200316,12,東京都多摩小平保健所,1,13,東京都,13211,小平市,8,,,,,0
51310200,,20200316,13,東京都多摩小平保健所,1,13,東京都,13211,小平市,12,,,,,0
51310200,,20200316,14,東京都多摩小平保健所,1,13,東京都,13211,小平市,16,,,,,0
51310200,,20200316,15,東京都多摩小平保健所,1,13,東京都,13211,小平市,8,,,,,0
51310200,44116,20200316,16,東京都多摩小平保健所,1,13,東京都,13211,小平市,4,15,3,9.3,0,0
51310200,44116,20200316,17,東京都多摩小平保健所,1,13,東京都,13211,小平市,16,14,4,8.4,0,0
51310200,44116,20200316,18,東京都多摩小平保健所,1,13,東京都,13211,小平市,4,16,1,6.2,0,0
51310200,44116,20200316,19,東京都多摩小平保健所,1,13,東京都,13211,小平市,4,14,2,5.9,0,0
51310200,44116,20200316,20,東京都多摩小平保健所,1,13,東京都,13211,小平市,0,14,2,5,0,0
51310200,44116,20200316,21,東京都多摩小平保健所,1,13,東京都,13211,小平市,4,16,1,4.4,0,0
51310200,44116,20200316,22,東京都多摩小平保健所,1,13,東京都,13211,小平市,0,01,1,4.2,0,0
51310200,44116,20200316,23,東京都多摩小平保健所,1,13,東京都,13211,小平市,0,15,0,2.7,0,0
51310200,44116,20200316,24,東京都多摩小平保健所,1,13,東京都,13211,小平市,0,01,1,2.7,0,0
51310200,44116,20200317,01,東京都多摩小平保健所,1,13,東京都,13211,小平市,0,01,0,2.3,0,0
51310200,44116,20200317,02,東京都多摩小平保健所,1,13,東京都,13211,小平市,0,15,0,2.2,0,0
51310200,44116,20200317,03,東京都多摩小平保健所,1,13,東京都,13211,小平市,12,01,1,1.9,0,0
51310200,44116,20200317,04,東京都多摩小平保健所,1,13,東京都,13211,小平市,0,15,0,.8,0,0
51310200,44116,20200317,05,東京都多摩小平保健所,1,13,東京都,13211,小平市,0,12,0,.6,0,0
51310200,44116,20200317,06,東京都多摩小平保健所,1,13,東京都,13211,小平市,4,13,0,.7,0,0
51310200,44116,20200317,07,東京都多摩小平保健所,1,13,東京都,13211,小平市,4,11,1,1.7,0,0
51310200,44116,20200317,08,東京都多摩小平保健所,1,13,東京都,13211,小平市,4,08,0,3.6,0,0
51310200,44116,20200317,09,東京都多摩小平保健所,1,13,東京都,13211,小平市,4,05,0,5.3,0,0
51310200,44116,20200317,10,東京都多摩小平保健所,1,13,東京都,13211,小平市,12,09,0,6.4,0,0
51310200,44116,20200317,11,東京都多摩小平保健所,1,13,東京都,13211,小平市,4,06,2,9,0,0
51310200,44116,20200317,12,東京都多摩小平保健所,1,13,東京都,13211,小平市,4,07,4,9.5,0,0
51310200,44116,20200317,13,東京都多摩小平保健所,1,13,東京都,13211,小平市,0,07,5,10.7,0,0
51310200,44116,20200317,14,東京都多摩小平保健所,1,13,東京都,13211,小平市,4,07,4,11.1,0,0
51310200,44116,20200317,15,東京都多摩小平保健所,1,13,東京都,13211,小平市,0,08,4,11.6,0,0
51310200,44116,20200317,16,東京都多摩小平保健所,1,13,東京都,13211,小平市,0,08,4,11.2,0,0
51310200,44116,20200317,17,東京都多摩小平保健所,1,13,東京都,13211,小平市,0,07,3,10.4,0,0
51310200,44116,20200317,18,東京都多摩小平保健所,1,13,東京都,13211,小平市,0,07,2,9.3,0,0
51310200,44116,20200317,19,東京都多摩小平保健所,1,13,東京都,13211,小平市,0,07,1,8.5,0,0
51310200,44116,20200317,20,東京都多摩小平保健所,1,13,東京都,13211,小平市,16,10,1,9.1,0,0
51310200,44116,20200317,21,東京都多摩小平保健所,1,13,東京都,13211,小平市,12,12,1,7.8,0,0
51310200,44116,20200317,22,東京都多摩小平保健所,1,13,東京都,13211,小平市,12,04,1,5.8,0,0
51310200,44116,20200317,23,東京都多摩小平保健所,1,13,東京都,13211,小平市,4,00,0,4.5,0,0
51310200,44116,20200317,24,東京都多摩小平保健所,1,13,東京都,13211,小平市,16,13,0,4.6,0,0
51310200,44116,20200318,01,東京都多摩小平保健所,1,13,東京都,13211,小平市,16,02,0,4.1,0,0
51310200,44116,20200318,02,東京都多摩小平保健所,1,13,東京都,13211,小平市,4,16,0,4.6,0,0
51310200,44116,20200318,03,東京都多摩小平保健所,1,13,東京都,13211,小平市,12,13,0,4,0,0
51310200,44116,20200318,04,東京都多摩小平保健所,1,13,東京都,13211,小平市,4,16,0,3.4,0,0
51310200,44116,20200318,05,東京都多摩小平保健所,1,13,東京都,13211,小平市,4,12,1,4.3,0,0
51310200,44116,20200318,06,東京都多摩小平保健所,1,13,東京都,13211,小平市,12,13,1,5,0,1
51310200,44116,20200318,07,東京都多摩小平保健所,1,13,東京都,13211,小平市,8,11,1,6.1,0,0
51310200,44116,20200318,08,東京都多摩小平保健所,1,13,東京都,13211,小平市,0,05,0,9.2,0,0
51310200,44116,20200318,09,東京都多摩小平保健所,1,13,東京都,13211,小平市,8,03,1,11.7,0,0
51310200,44116,20200318,10,東京都多摩小平保健所,1,13,東京都,13211,小平市,12,10,1,14.1,0,0
51310200,44116,20200318,11,東京都多摩小平保健所,1,13,東京都,13211,小平市,8,04,1,15.6,0,0
51310200,44116,20200318,12,東京都多摩小平保健所,1,13,東京都,13211,小平市,8,06,1,16.6,0,0
51310200,44116,20200318,13,東京都多摩小平保健所,1,13,東京都,13211,小平市,8,09,2,17.7,0,0
51310200,44116,20200318,14,東京都多摩小平保健所,1,13,東京都,13211,小平市,20,07,3,17.6,0,0
51310200,44116,20200318,15,東京都多摩小平保健所,1,13,東京都,13211,小平市,12,08,3,18,0,0
51310200,44116,20200318,16,東京都多摩小平保健所,1,13,東京都,13211,小平市,4,07,2,17.4,0,0
51310200,44116,20200318,17,東京都多摩小平保健所,1,13,東京都,13211,小平市,4,08,3,16.4,0,0
51310200,44116,20200318,18,東京都多摩小平保健所,1,13,東京都,13211,小平市,8,07,1,14.5,0,0
51310200,44116,20200318,19,東京都多摩小平保健所,1,13,東京都,13211,小平市,16,06,1,12.8,0,0
51310200,44116,20200318,20,東京都多摩小平保健所,1,13,東京都,13211,小平市,0,00,0,11.7,0,0
51310200,44116,20200318,21,東京都多摩小平保健所,1,13,東京都,13211,小平市,12,13,1,10.6,0,0
51310200,44116,20200318,22,東京都多摩小平保健所,1,13,東京都,13211,小平市,41,13,0,10.3,0,0
51310200,44116,20200318,23,東京都多摩小平保健所,1,13,東京都,13211,小平市,28,16,0,9.1,0,0
51310200,44116,20200318,24,東京都多摩小平保健所,1,13,東京都,13211,小平市,28,10,1,9.2,0,0
51310200,44116,20200319,01,東京都多摩小平保健所,1,13,東京都,13211,小平市,24,12,1,8.7,0,0
51310200,44116,20200319,02,東京都多摩小平保健所,1,13,東京都,13211,小平市,16,14,0,7.5,0,0
51310200,44116,20200319,03,東京都多摩小平保健所,1,13,東京都,13211,小平市,0,12,1,7.2,0,0
51310200,44116,20200319,04,東京都多摩小平保健所,1,13,東京都,13211,小平市,28,14,0,5.9,0,0
51310200,44116,20200319,05,東京都多摩小平保健所,1,13,東京都,13211,小平市,8,12,0,4.9,0,0
51310200,44116,20200319,06,東京都多摩小平保健所,1,13,東京都,13211,小平市,8,11,0,4.8,0,0
51310200,44116,20200319,07,東京都多摩小平保健所,1,13,東京都,13211,小平市,4,12,1,6.8,0,0
51310200,44116,20200319,08,東京都多摩小平保健所,1,13,東京都,13211,小平市,28,12,0,9.3,0,0
51310200,44116,20200319,09,東京都多摩小平保健所,1,13,東京都,13211,小平市,20,07,1,12.2,0,0
51310200,44116,20200319,10,東京都多摩小平保健所,1,13,東京都,13211,小平市,4,06,1,14.5,0,0
51310200,44116,20200319,11,東京都多摩小平保健所,1,13,東京都,13211,小平市,16,07,1,15.8,0,0
51310200,44116,20200319,12,東京都多摩小平保健所,1,13,東京都,13211,小平市,32,08,3,19.6,0,0
51310200,44116,20200319,13,東京都多摩小平保健所,1,13,東京都,13211,小平市,24,07,5,20.7,0,0
51310200,44116,20200319,14,東京都多摩小平保健所,1,13,東京都,13211,小平市,8,07,6,21.2,0,0
51310200,44116,20200319,15,東京都多摩小平保健所,1,13,東京都,13211,小平市,12,09,7,21.3,0,0
51310200,44116,20200319,16,東京都多摩小平保健所,1,13,東京都,13211,小平市,4,08,7,19.4,0,0
51310200,44116,20200319,17,東京都多摩小平保健所,1,13,東京都,13211,小平市,0,08,6,18.6,0,0
51310200,44116,20200319,18,東京都多摩小平保健所,1,13,東京都,13211,小平市,0,08,6,17.2,0,0
51310200,44116,20200319,19,東京都多摩小平保健所,1,13,東京都,13211,小平市,0,08,5,16.9,0,0
51310200,44116,20200319,20,東京都多摩小平保健所,1,13,東京都,13211,小平市,0,08,5,16.3,0,0
51310200,44116,20200319,21,東京都多摩小平保健所,1,13,東京都,13211,小平市,0,08,4,16.4,0,0
51310200,44116,20200319,22,東京都多摩小平保健所,1,13,東京都,13211,小平市,0,07,2,15.3,0,1
51310200,44116,20200319,23,東京都多摩小平保健所,1,13,東京都,13211,小平市,0,08,1,15.2,0,0
51310200,44116,20200319,24,東京都多摩小平保健所,1,13,東京都,13211,小平市,0,08,1,15,0,0
51310200,44116,20200320,01,東京都多摩小平保健所,1,13,東京都,13211,小平市,0,08,1,14.6,0,0
51310200,44116,20200320,02,東京都多摩小平保健所,1,13,東京都,13211,小平市,0,15,0,14.6,0,0
51310200,44116,20200320,03,東京都多摩小平保健所,1,13,東京都,13211,小平市,4,12,0,14.3,0,0
51310200,44116,20200320,04,東京都多摩小平保健所,1,13,東京都,13211,小平市,16,16,1,12.9,0,0
51310200,44116,20200320,05,東京都多摩小平保健所,1,13,東京都,13211,小平市,4,14,1,12.5,0,0
51310200,44116,20200320,06,東京都多摩小平保健所,1,13,東京都,13211,小平市,32,05,0,10.4,0,0
51310200,44116,20200320,07,東京都多摩小平保健所,1,13,東京都,13211,小平市,20,02,1,11.8,0,0
51310200,44116,20200320,08,東京都多摩小平保健所,1,13,東京都,13211,小平市,118,14,1,13.2,0,0
51310200,44116,20200320,09,東京都多摩小平保健所,1,13,東京都,13211,小平市,28,15,2,16.1,0,0
51310200,44116,20200320,10,東京都多摩小平保健所,1,13,東京都,13211,小平市,12,15,3,15.9,0,0
51310200,44116,20200320,11,東京都多摩小平保健所,1,13,東京都,13211,小平市,0,16,2,16.3,0,0
51310200,44116,20200320,12,東京都多摩小平保健所,1,13,東京都,13211,小平市,28,14,3,17.7,0,0
51310200,44116,20200320,13,東京都多摩小平保健所,1,13,東京都,13211,小平市,0,02,3,17.9,0,0
51310200,44116,20200320,14,東京都多摩小平保健所,1,13,東京都,13211,小平市,8,04,3,18.2,0,0
51310200,44116,20200320,15,東京都多摩小平保健所,1,13,東京都,13211,小平市,4,02,3,18.2,0,0
51310200,44116,20200320,16,東京都多摩小平保健所,1,13,東京都,13211,小平市,12,01,3,16.6,0,0
51310200,44116,20200320,17,東京都多摩小平保健所,1,13,東京都,13211,小平市,0,01,2,15.5,0,0
51310200,44116,20200320,18,東京都多摩小平保健所,1,13,東京都,13211,小平市,28,02,2,13.8,0,0
51310200,44116,20200320,19,東京都多摩小平保健所,1,13,東京都,13211,小平市,4,01,2,12.9,0,0
51310200,44116,20200320,20,東京都多摩小平保健所,1,13,東京都,13211,小平市,12,02,1,11.9,0,0
51310200,44116,20200320,21,東京都多摩小平保健所,1,13,東京都,13211,小平市,8,02,1,10.7,0,0
51310200,44116,20200320,22,東京都多摩小平保健所,1,13,東京都,13211,小平市,8,01,1,10.1,0,0
51310200,44116,20200320,23,東京都多摩小平保健所,1,13,東京都,13211,小平市,16,02,0,9,0,0
51310200,44116,20200320,24,東京都多摩小平保健所,1,13,東京都,13211,小平市,4,14,0,8.8,0,0
51310200,44116,20200321,01,東京都多摩小平保健所,1,13,東京都,13211,小平市,12,15,0,8.4,0,0
51310200,44116,20200321,02,東京都多摩小平保健所,1,13,東京都,13211,小平市,12,14,1,8.7,0,0
51310200,44116,20200321,03,東京都多摩小平保健所,1,13,東京都,13211,小平市,0,13,0,7.5,0,0
51310200,44116,20200321,04,東京都多摩小平保健所,1,13,東京都,13211,小平市,4,12,0,6.5,0,0
51310200,44116,20200321,05,東京都多摩小平保健所,1,13,東京都,13211,小平市,0,12,1,5.9,0,0
51310200,44116,20200321,06,東京都多摩小平保健所,1,13,東京都,13211,小平市,4,12,1,5.7,0,0
51310200,44116,20200321,07,東京都多摩小平保健所,1,13,東京都,13211,小平市,4,11,1,7,0,0
51310200,44116,20200321,08,東京都多摩小平保健所,1,13,東京都,13211,小平市,4,11,0,10.3,0,0
51310200,44116,20200321,09,東京都多摩小平保健所,1,13,東京都,13211,小平市,20,08,2,13.9,0,0
51310200,44116,20200321,10,東京都多摩小平保健所,1,13,東京都,13211,小平市,4,08,4,15.5,0,0
